بازگشت به فهرست اصلی,,,,,,,,,,,,,,,,,,,,,,,,,,,,,,,,,,,,,,,,,,,,,,,,,,,,,,,,,,,,,,,,,,,,,,,,,,,,,,,,,,,,,,,,,,,,,,,,,,,,,,,,,,,,,,,,,,,,,,,,,,,,,,,,,,,,,,,,,,,,,,,,,,,,,,,,,,,,,,,,,,,,,,,,,,,
"    8-  جدول داده ـ ستانده اقتصاد ايران
 سال 1395 به قيمت پايه
(89 فعاليت در 89 فعاليت)
(میلیون ریال)",عنوان فعالیت,کاشت محصولات (زراعت و باغداري),پرورش حيوانات,جنگلداری و بریدن درختان,ماهيگيری و آبزی پروری,استخراج نفت خام و گاز طبیعی,استخراج زغال سنگ و زغال قهوه ای,استخراج کانه های فلزی ,استخراج ساير معادن,"فرآوری و نگهداری گوشت، ماهی، میوه و سبزیجات",توليد روغنها و چربيهاي گياهي و حيواني,"توليد فراورده هاي لبني،  آسياب غلات (دانه آسياب شده)، نشاسته و فراورده های نشاسته ای
هاي نشاستهاي",تولید سایر فرآورده های غذایی و غذای آماده برای حیوانات,توليد انواع آشامیدنی ها,توليد فرآورده های توتون و تنباکو (سیگار),توليد منسوجات,توليد قالي و قاليچه,توليد پوشاک,توليدچرم و فرآورده های وابسته بجز کفش,تولید کفش و پاپوش,"توليد چوب و فراورده هاي چوب و چوب پنبه، به جز مبلمان؛ توليد كالاها از
حصير و مواد حصيربافي",توليدکاغذ و فرآورده های کاغذی,چاپ و تکثیر رسانه های ضبط شده,توليد فراورده های نفتی (پالايشگاه ها),توليد ساير فرآورده های حاصل از تصفيه نفت (غیر پالایشگاه ها),توليد مواد شیمیایی و فرآورده های شیمیایی,توليد داروها و فرآورده های دارویی شیمیایی و گیاهی,توليد فرآورده های لاستیکی و پلاستیکی,توليد شيشه و محصولات شيشه اي,توليد محصولات کاني غير فلزي طبقه بندي نشده در جاي ديگر,توليد آهن و فولاد پايه,تولید محصولات اساسی مس و آلومنيوم,تولید سایر فلزات اساسی و ریخته گری,"توليد محصولات فلزی ساخته شده، به جز ماشین آلات و تجهیزات","تولید محصولات رایانه ای، الکترونیکی و نوری",توليد تجهیزات برقی,تولید ماشین آلات و تجهیزات طبقه بندی نشده در جای دیگر,"تولید وسایل نقلیه موتوری، تریلر و نیم تریلر",تولید سایر تجهیزات حمل و نقل,تولید مبلمان,تولید سایر مصنوعات ,تعمیر و نصب ماشین آلات و تجهیزات,"تولید، انتقال و توزیع برق",توليد گاز؛ توزيع سوختهاي گازي از طريق شاه لوله,"جمع آوری، تصفیه و تامین آب","فاضلاب، فعالیت های جمع آوری، تصفیه و دفع پسماند؛ بازیافت مواد",ساختمان خصوصی,ساختمان دولتی,"فروش، نگهداری و تعمیر وسایل نقلیه موتوری و موتور سیکلت",عمده فروشی و خرده فروشی,حمل و نقل ریلی مسافر,حمل و نقل ریلی بار,حمل و نقل جاده ای مسافر,حمل و نقل جاده ای بار,حمل و نقل از طریق خطوط لوله,حمل و نقل آبی,حمل و نقل هوایی,انبارداری و ذخیره سازی, فعالیت های پشتیبانی حمل و نقل,فعالیت های پست و پیک,فعالیت های خدماتی مربوط به تامین جا  (هتل ),فعالیت های خدماتی مربوط به غذا و آشامیدنی  (رستوران ),مخابرات,سایر فعالیت های اطلاعات و ارتباطات,"فعالیت های خدمات مالی، بجز تامین وجوه بیمه و بازنشستگی","بیمه، بیمه اتکایی و تامین وجوه بازنشستگی بجز تامین اجتماعی اجباري",فعالیت های جنبی خدمات مالی و فعالیت های بیمه,خدمات واحدهاي مسكوني شخصي,خدمات واحدهاي مسكوني اجاري,خدمات واحدهاي غير مسكوني,خدمات دلالان املاك و مستغلات,تحقیق و توسعه علمی,فعالیت های حقوقی و مهندسی  ,فعالیت دامپزشکی,فعالیت اجاره داری,سایر فعالیت های پشتیبانی,اداره امور عمومی,خدمات شهري,دفاع و امنیت,فعالیت های تامين اجتماعی اجباری,"آموزش زير ديپلم (پيش دبستان، ابتدايي و متوسطه) دولتي","آموزش زير ديپلم (پيش دبستان، ابتدايي و متوسطه) خصوصي",آموزش عالي دولتي,آموزش عالي خصوصي,ساير آموزش ها,بهداشت عمومي,بهداشت خصوصي,مددکاري اجتماعي,"فعاليت های سرگرمی، فرهنگی، تفريحی و ورزشی ",ساير فعاليت های خدماتی و شخصی خانگی,جمع مصارف واسطه,مصرف  بخش خصوصي شهري,,,,,,,,,,مصرف  بخش خصوصي روستايي,,,,,,,,,,جمع مصرف  بخش خصوصي,موسسات غیر انتفاعی در خدمت خانوار,مخارج مصرف  بخش دولتي,تشکيل سرمايه ثابت ناخالص ,صادرات کالاها و خدمات,واردات کالاها و خدمات, تغيير در موجودي انبار,جمع مصارف نهائي,تقاضاي کل داخلي,,,,,,,,,,,,,,,,,,,,,,,,,,,,,,,,,,,,,,,,,,,,,,,,,,,
عنوان فعاليت,شماره,1,2,3,4,5,6,7,8,9,10,11,12,13,14,15,16,17,18,19,20,21,22,23,24,25,26,27,28,29,30,31,32,33,34,35,36,37,38,39,40,41,42,43,44,45,46,47,48,49,50,51,52,53,54,55,56,57,58,59,60,61,62,63,64,65,66,67,68,69,70,71,72,73,74,75,76,77,78,79,80,81,82,83,84,85,86,87,88,89,,دهک اول,دهک دوم,دهک سوم,دهک چهارم,دهک پنجم,دهک ششم,دهک هفتم,دهک هشتم,دهک نهم,دهک دهم,دهک اول,دهک دوم,دهک سوم,دهک چهارم,دهک پنجم,دهک ششم,دهک هفتم,دهک هشتم,دهک نهم,دهک دهم,,,,,,,,,,,,,,,,,,,,,,,,,,,,,,,,,,,,,,,,,,,,,,,,,,,,,,,,,,,,
کاشت محصولات (زراعت و باغداري),1,"52,420,851","99,073,829","15,183","1,244,977","1,418,024","17,957","595,188","180,300","23,352,273","30,633,253","66,709,586","64,770,085","25,360","1,087,247","4,293,387","447,906","15,598","7,546","3,180","50,724","34,695","58,588","457,035","272,391","470,354","1,429,856","117,780","40,738","340,824","313,514","100,154","19,008","311,890","4,868","45,284","67,290","544,785","119,233","50,707","14,166","66,253","1,187,279","1,024,674","652,299","192,632","978,812","1,015,120","42,956","420,627","57,361","159,965","652,178","2,010,600","32,161","143,483","39,087","9,077","202,788","17,043","645,541","14,733,790","848,916","60,544","620,523","49,299","198,061","39,179","55,686","29,127","1,866","115,294","31,733",574,"2,289","5,854","1,962,682","198,292","1,438,164","273,516","351,271","57,652","1,626,650","620,679","97,211","2,180,208","810,743","310,795","11,167","47,729","387,505,039","16,458,880","26,259,119","28,381,082","31,744,713","35,382,048","40,154,326","44,207,103","53,747,118","64,116,441","88,639,762","2,263,561","4,193,274","4,000,934","4,910,745","5,510,144","6,271,367","7,073,348","8,197,113","9,673,562","15,414,985","496,599,627",114,"13,256","1,205,428","79,709,199","223,887,653","582,711,434","936,351,404","1,323,856,444",,,,,,,,,,,,,,,,,,,,,,,,,,,,,,,,,,,,,,,,,,,,,,,,,,,
پرورش حيوانات,2,"5,461,534","68,828,348","4,512","393,584","745,080","6,961","412,197","52,430","55,545,805","29,673","55,158,796","4,649,066","65,756","1,189","336,081","101,513","9,007","11,590","2,360","33,714","28,062","35,136","258,668","460,061","1,965,895","429,556","2,076,570","101,611","157,652","210,360","115,859","16,704","158,463","5,575","107,534","68,256","336,434","88,102","21,345","13,036","45,933","915,511","614,336","491,761","160,577","411,091","498,197","4,404","75,183","6,280","36,668","456,843","1,657,023","24,384","57,750","26,993","4,092","117,578","13,804","231,899","5,276,236","343,829","9,915","425,184","23,037","57,862","32,268","45,863","34,115","1,560","73,939","3,331",22,225,994,"808,063","83,080","1,001,572","189,357","1,096,045","11,384","646,186","130,109","42,490","563,326","301,033","149,509","1,140","8,634","215,714,689","9,750,950","14,943,298","18,564,229","18,390,590","23,658,885","22,377,778","29,093,581","34,270,957","40,801,236","48,117,048","1,024,227","1,723,610","1,800,443","2,227,693","2,813,778","3,187,963","3,893,123","4,748,454","5,568,519","8,407,863","295,364,227",44,"10,961","7,548,405","23,905,818","11,292,441","188,863,255","504,400,268","720,114,957",,,,,,,,,,,,,,,,,,,,,,,,,,,,,,,,,,,,,,,,,,,,,,,,,,,
جنگلداری و بریدن درختان,3,"180,384","9,516",169,"1,416","17,583",168,"22,490","1,512","1,216",84,808,"28,695",85,54,"10,123","1,770",346,15,123,"2,639,263",74,"1,554","9,573",116,"24,059",395,"1,101",265,"3,058","1,492",587,537,"4,250",96,220,802,"37,913","4,849",107,73,"2,392","53,192","23,273","26,213","9,018","8,370","3,253",7,"194,128",609,"1,272","23,252","95,186","1,294","2,307","1,588",62,"5,465",787,57,32,"21,786",346,"21,718",828,"3,326","1,853","2,634",911,86,"2,947",21,1,1,235,"63,608","5,197",636,"9,308","2,691",422,"9,122","1,580",838,"4,595",979,"5,692",6,240,"3,620,308","26,477","30,576","68,647","54,939","86,414","115,543","149,032","163,172","343,198","625,536","33,299","63,322","53,866","41,347","44,812","39,266","47,663","55,334","38,052","68,601","2,149,094",0,"674,455","28,486","844,576","314,837","-531,252","2,850,521","6,470,829",,,,,,,,,,,,,,,,,,,,,,,,,,,,,,,,,,,,,,,,,,,,,,,,,,,
ماهيگيری و آبزی پروری,4,"93,888","447,924","5,886","3,693,973","150,027","1,734","21,196","13,438","8,827,162","3,218","11,496","17,230","3,774",284,"4,039","2,419","41,949","1,328",598,"6,255","9,586","7,761","41,027","36,212","50,980","9,344","208,328","5,480","41,155","106,921","20,484","50,977","46,034",812,"7,479","9,878","56,546","4,456","7,648","176,851","3,649","27,550","90,568","48,773","33,292","39,093","29,797","17,160","140,751","1,426","17,484","32,338","52,599","2,765","13,441","5,899","1,247","20,227","1,534","88,979","2,020,827","16,698","4,693","63,816","6,246","2,703","1,138","1,618","3,978","2,015","7,128","27,143",651,"2,281","9,398","79,545","17,767","39,046","16,275","16,346","7,422","203,592","72,367","14,480","88,498","119,835","44,365","6,777","42,352","17,853,353","555,063","860,408","990,022","1,201,095","1,384,326","1,667,040","2,061,570","2,731,584","3,131,046","5,252,563","90,316","191,418","212,685","293,121","365,543","386,502","447,661","614,930","749,251","1,087,432","24,273,575",45,"507,607","238,049","7,452,586","5,294,183","66,071,873","93,249,552","111,102,905",,,,,,,,,,,,,,,,,,,,,,,,,,,,,,,,,,,,,,,,,,,,,,,,,,,
استخراج نفت خام و گاز طبیعی,5,"16,194,132","1,010,870","14,837","301,245","1,559,447","13,916","1,965,865","116,559","116,174","8,161","73,629","166,744","9,173","3,310","52,418","168,117","30,867","1,664","11,324","49,738","7,365","136,232","145,546,477","1,459,953","177,619,296","34,350","115,915","34,019","309,149","1,438,637","106,991","49,287","420,626","4,859","28,185","66,769","910,106","428,463","11,136","7,069","211,061","4,658,294","10,621,755","2,339,135","812,011","1,016,635","578,279","173,753","1,003,030","40,434","91,058","3,112,204","15,166,299","114,369","264,739","165,130","4,970","485,078","69,432","28,629","604,192","1,692,481","29,516","1,904,499","55,792","293,900","163,796","232,808","61,218","29,387","259,410","2,176",117,75,"2,479","3,758,758","418,907","280,507","820,484","355,611","112,090","824,463","267,047","84,600","501,383","98,679","511,073",542,"23,462","404,948,820","327,300","468,315","565,841","734,787","885,446","984,962","1,431,174","1,991,179","2,355,842","4,862,698","259,578","400,487","320,718","344,322","368,889","408,030","446,925","537,165","653,379","961,300","19,308,337",0,"55,834","2,093,433","1,280,046,676","4,810,107","22,778,795","1,319,472,968","1,724,421,788",,,,,,,,,,,,,,,,,,,,,,,,,,,,,,,,,,,,,,,,,,,,,,,,,,,
استخراج زغال سنگ و زغال قهوه ای,6,"7,540",502,29,116,"2,951",9,951,71,85,9,131,"9,959",19,4,69,79,23,5,10,52,967,67,375,"5,395","36,021",53,160,42,420,"1,417,146","52,847",36,281,14,45,116,582,194,25,17,100,"2,771","1,115","1,155",359,"1,755","1,281",161,"1,134",16,74,966,"3,517",172,143,"1,385",17,394,36,42,515,"1,394",116,"1,072",51,299,68,97,345,24,225,238,6,18,65,"6,680",226,39,398,309,106,657,288,47,"2,520",189,378,257,360,"1,571,002","1,024","1,542","2,242","2,988","4,113","4,033","6,329","7,586","10,652","34,608",53,148,120,635,224,345,368,872,593,"1,520","79,994",54,29,"7,914","156,924","1,964,407","6,443,313","4,723,820","6,294,822",,,,,,,,,,,,,,,,,,,,,,,,,,,,,,,,,,,,,,,,,,,,,,,,,,,
استخراج کانه های فلزی ,7,"240,815","15,081",353,"2,310","36,080",290,"5,533,021","3,185","2,660",372,"2,741","4,706",535,78,"1,960","2,580",822,154,310,"1,782","1,200","2,288","12,986","1,388","27,869","1,334","4,574","7,732","2,916,469","65,430,542","31,081,210","1,129","53,378",212,"1,261","2,150","16,019","6,689",638,354,"3,201","89,294","31,771","35,426","11,695","50,415","15,845","2,148","20,268","2,058","3,511","30,587","119,568","2,868","3,907","9,023",432,"9,560","1,211",596,"4,015","39,586","5,205","38,534","1,585","5,556","2,329","3,310","3,314",711,"5,160","3,679",66,206,843,"92,851","9,540","1,179","13,068","10,105","1,395","16,578","3,693","1,373","19,713","3,083","8,925","1,893","3,560","106,163,691","9,443","14,884","20,241","27,009","34,412","36,116","53,049","67,952","90,401","246,011","1,149","2,079","2,069","2,874","3,523","4,370","5,459","6,819","8,989","16,033","652,881",271,"2,226","85,834","32,054,255","1,998,887","-9,317,092","21,479,488","127,643,179",,,,,,,,,,,,,,,,,,,,,,,,,,,,,,,,,,,,,,,,,,,,,,,,,,,
استخراج ساير معادن,8,"708,794","458,490",449,"88,270","33,225",447,"28,246","78,260","5,650","1,098","61,005","1,075,799",985,89,"2,862","2,259","1,433",276,430,"2,706","2,561","8,875","37,744","21,380","646,904","2,873","15,945","1,130,178","22,947,746","59,250","8,867","20,492","10,337","2,047","37,062","13,100","19,095","6,319","1,448","1,375","2,554","72,954","26,152","27,285","8,268","12,360,481","6,000,501","8,566","177,440","1,565","2,840","20,715","80,925","2,907","4,295","10,524",794,"14,755",894,"6,572","20,958","32,402","2,182","63,081","2,095","7,806","259,034","368,173","469,456","7,310","4,585","8,297",177,509,"1,863","116,966","7,418","1,463","8,651","8,919","11,010","11,859","42,535","1,395","108,561","8,763","8,579","6,209","37,317","48,002,931","48,857","70,583","75,038","87,585","95,291","96,785","119,600","131,014","160,770","330,341","17,300","30,469","28,629","40,102","39,406","51,498","53,490","58,897","71,976","118,063","1,725,694",356,832,"99,892","4,898,064","2,445,261","-16,779,166","-12,499,589","35,503,342",,,,,,,,,,,,,,,,,,,,,,,,,,,,,,,,,,,,,,,,,,,,,,,,,,,
"فرآوری و نگهداری گوشت، ماهی، میوه و سبزیجات",9,"1,649,905","1,958,701","14,106","1,103,871","2,022,201","22,871","333,851","171,587","11,414,860","36,195","1,062,701","13,998,599","905,448","2,958","44,497","32,739","38,936","12,602","2,005","61,031","55,630","57,189","545,530","460,946","457,034","108,707","255,453","62,999","381,303","462,714","83,989","40,649","424,647","6,877","68,772","94,222","659,755","65,381","86,407","115,346","55,910","480,745","1,178,897","405,516","97,259","1,343,161","1,824,919","35,780","336,321","5,485","110,775","468,842","874,595","21,910","125,441","24,900","11,797","169,125","8,560","1,157,280","26,451,655","225,557","25,488","468,887","67,628","32,272","17,063","24,252","9,851","4,084","85,170","35,457",493,"3,123","9,855","778,454","69,657","5,865,529","225,277","35,165","11,306","2,546,931","454,201","151,388","2,308,328","1,434,415","313,254","11,998","51,738","89,838,910","3,177,721","5,325,738","5,902,180","6,873,208","8,014,364","8,856,630","10,723,169","13,067,706","15,976,997","23,831,727","1,245,388","2,028,632","1,978,143","2,446,947","2,836,634","3,199,672","3,656,940","4,210,541","5,101,765","7,077,580","135,531,681",338,"5,733","2,526,137","51,741,201","27,188,114","-4,987,376","157,629,601","247,468,512",,,,,,,,,,,,,,,,,,,,,,,,,,,,,,,,,,,,,,,,,,,,,,,,,,,
توليد روغنها و چربيهاي گياهي و حيواني,10,"91,131","12,246,482","4,853","84,998","92,063","1,317","17,405","14,912","8,426,285","21,278,109","1,214,401","6,231,576","348,851",150,"3,678","2,516","4,031",820,326,"3,951","3,490","3,016","23,846","23,051","29,284","5,643","22,301","3,122","29,022","32,405","10,886","4,304","35,720",696,"6,007","7,958","49,517","3,565","4,539","12,972","7,350","23,082","51,243","16,260","4,691","113,444","144,822","4,201","40,364","5,916","11,829","19,896","27,004",949,"10,112","2,726",805,"9,802",495,"53,043","1,210,861","60,951","1,733","25,647","3,244","1,281",558,793,"1,739",691,"4,099","4,358",81,435,"1,362","63,118","18,206","1,050,903","8,950","2,571","2,199","119,537","86,973","7,358","79,649","66,363","14,603","1,561","6,168","53,773,224","1,487,813","2,129,645","2,033,427","2,039,047","2,219,729","2,365,154","2,382,333","2,558,778","2,789,625","3,825,985","439,999","776,669","661,017","761,744","798,885","855,431","921,699","981,142","1,130,883","1,367,038","32,526,045",72,158,"1,063,891","3,259,450","56,957,615","64,224,974","44,116,975","97,890,199",,,,,,,,,,,,,,,,,,,,,,,,,,,,,,,,,,,,,,,,,,,,,,,,,,,
"توليد فراورده هاي لبني،  آسياب غلات (دانه آسياب شده)، نشاسته و فراورده های نشاسته ای
هاي نشاستهاي",11,"450,918","3,046,060",902,"297,441","180,197","1,886","64,324","14,910","844,909","6,329","1,952,578","77,547,883","2,321,611",347,"11,649","11,494","37,189","2,001","1,628","7,006","345,310","9,904","55,473","33,303","75,195","9,975","178,044","5,533","42,662","96,100","18,901","43,441","107,926","1,146","8,814","11,167","76,185","13,689","7,460","147,153","31,449","128,862","127,279","98,573","45,538","182,347","407,079","17,218","155,960","1,744","10,732","76,259","232,370","5,683","13,918","12,512","1,394","33,082","4,060","80,020","1,808,912","60,631","6,130","124,329","6,822","10,685","4,629","6,579","197,972","2,989","17,665","25,424",610,"2,146","8,711","216,511","27,732","5,143,426","35,599","3,100,192","10,444","210,752","112,072","15,454","171,850","109,776","50,461","7,633","43,077","101,293,933","3,427,394","5,220,705","5,730,497","6,483,958","7,147,579","7,645,143","8,659,340","9,668,833","11,344,871","16,112,634","683,745","1,219,601","1,000,297","1,174,848","1,288,400","1,395,919","1,490,246","1,584,118","1,841,104","2,223,170","95,342,400",325,"1,492","9,199,515","20,494,883","19,505,449","72,654,711","178,187,878","279,481,811",,,,,,,,,,,,,,,,,,,,,,,,,,,,,,,,,,,,,,,,,,,,,,,,,,,
تولید سایر فرآورده های غذایی و غذای آماده برای حیوانات,12,"3,113,367","54,676,629","19,749","4,477,757","328,890","4,873","139,551","54,638","14,870,354","801,486","3,898,242","21,195,788","7,328,290",554,"17,093","16,601","16,923","2,992","1,999","10,952","9,974","12,208","92,641","60,151","104,580","84,680","81,780","9,520","62,014","87,462","16,618","17,118","150,915","2,494","17,954","18,610","128,174","20,423","12,828","51,969","44,608","186,607","207,129","221,538","91,161","1,475,963","870,876","46,883","420,783","2,548","44,697","193,706","339,528","11,368","24,949","16,175","1,852","225,702","4,318","146,305","3,332,544","91,052","49,983","196,672","43,971","157,623","6,695","9,515","44,767","178,432","49,211","40,165",906,"3,193","9,019","1,184,994","82,763","6,027,643","51,125","343,650","186,413","413,980","301,609","40,738","1,796,900","248,432","112,430","14,686","57,648","131,672,295","8,197,653","11,254,726","11,268,733","11,587,255","12,084,954","13,257,000","13,510,257","14,489,601","14,858,782","17,640,047","2,099,805","3,440,069","3,136,594","3,634,971","4,007,429","4,460,700","4,795,250","5,116,527","5,631,428","6,623,132","171,094,910",461,"2,209","7,587,067","26,698,625","82,779,134","49,861,824","172,465,962","304,138,257",,,,,,,,,,,,,,,,,,,,,,,,,,,,,,,,,,,,,,,,,,,,,,,,,,,
توليد انواع آشامیدنی ها,13,"36,874","115,278","2,905","170,986","110,689","1,330","13,964","11,455","146,837","3,229","54,897","29,128","962,828",196,"3,922","2,029","8,632","1,542",852,"4,299","5,832","4,041","27,216","26,232","34,947","8,111","54,809","4,162","24,813","40,895","7,886","9,424","32,118","1,144","7,538","7,395","60,107","2,841","6,339","32,140","4,317","8,159","57,522","24,939","7,606","252,821","371,599","11,860","107,025",578,"10,880","21,906","27,652","1,243","7,311","3,339",772,"16,318",558,"63,081","1,436,587","11,123","9,641","25,809","6,527","27,810",493,701,"1,867",710,"12,884","11,409",253,939,"3,007","70,051","4,250","468,256","9,120","44,840","2,099","158,317","62,950","11,648","63,155","81,710","28,025","3,853","16,530","5,653,912","858,140","1,321,918","1,511,326","1,644,072","1,848,718","2,059,911","2,183,055","2,432,428","2,830,203","3,760,060","105,662","205,633","193,450","248,644","285,894","343,112","373,241","410,103","451,065","587,608","23,654,243",136,81,"672,133","2,356,721","5,946,599","12,340,579","33,077,293","38,731,205",,,,,,,,,,,,,,,,,,,,,,,,,,,,,,,,,,,,,,,,,,,,,,,,,,,
توليد فرآورده های توتون و تنباکو (سیگار),14,"238,327","14,426",230,"1,951","23,237",253,"29,773","2,803","2,287",500,"1,661","3,868",341,"1,968",667,"2,426",810,64,197,"1,292",478,"2,213","12,768",458,"14,682",775,"2,987",592,"6,621","5,290","2,000","1,011","7,346",150,"1,076","1,698","16,038","6,500",465,923,"3,185","69,935","30,191","34,061","11,862","21,567","8,888",614,"12,202","1,863","8,215","30,724","125,380","1,697","6,117","3,855",148,"11,668","1,103",101,795,"34,038",707,"28,761",853,"4,328","2,457","3,492","1,210",124,"3,822",446,7,92,102,"60,604","7,928",971,"12,022","3,645",660,"12,611","2,327","1,116","6,586","1,474","7,508",89,"1,466","994,774","770,642","1,124,765","1,282,387","1,246,624","1,280,860","1,564,813","1,261,421","1,391,709","1,298,500","1,355,823","98,473","278,691","313,020","387,021","497,965","540,611","508,296","673,303","746,594","781,848","17,403,365",9,816,"37,294","1,703,307","20,552,614","6,346,782","4,938,960","5,933,734",,,,,,,,,,,,,,,,,,,,,,,,,,,,,,,,,,,,,,,,,,,,,,,,,,,
توليد منسوجات,15,"4,322,233","353,670","1,504","47,935","130,899","1,409","162,417","11,083","791,008","34,097","1,270,083","1,385,820","10,595","1,603","9,767,282","11,325,158","16,359,402","1,639,791","1,184,598","267,298","3,685,847","145,549","178,458","206,007","524,581","796,454","6,717,910","100,088","3,056,969","935,365","18,040","71,652","1,381,461","3,479","952,605","92,445","1,844,444","207,649","2,337,790","177,196","124,918","373,733","255,130","222,786","73,600","449,132","944,989","151,858","856,251","3,285","16,997","190,556","684,669","10,969","23,638","38,521","2,160","81,531","7,084","164,344","18,810","162,699","11,772","191,717","9,381","32,991","14,763","20,983","13,914","5,021","71,454","64,329","9,693","6,031","8,691","1,025,086","682,460","2,195,340","102,665","29,491","8,491","371,543","17,597","19,574","612,078","254,834","126,049","83,623","390,264","83,739,368","383,612","644,922","837,845","1,171,958","1,322,715","1,884,228","1,792,364","3,103,390","4,427,079","7,796,989","61,698","114,015","141,514","234,906","257,188","299,631","458,965","623,967","895,875","2,113,322","28,566,184","3,760","4,460","3,069,361","8,719,724","54,656,287","23,898,641","9,605,842","93,345,211",,,,,,,,,,,,,,,,,,,,,,,,,,,,,,,,,,,,,,,,,,,,,,,,,,,
توليد قالي و قاليچه,16,"197,493","18,764",209,"6,405","18,479",140,"18,802","1,068","16,227","1,927","25,879","28,938","1,005",79,"396,349","373,122","505,595","52,580","38,659","9,072","60,383","4,951","10,611","3,971","19,644","26,085","246,116","1,781","53,431","25,640","2,509","9,265","71,137",156,"28,606","2,706","8,556,972","9,586","92,465","32,640","16,781","44,427","22,250","26,817","12,145","25,975","51,986","5,527","34,255",288,"1,006","21,899","81,138","2,272","2,102","3,968",162,"6,692",834,"3,011","10,687","19,786","1,838","26,010",919,"3,797","1,633","2,321","2,149",413,"9,472","13,369",326,526,"1,987","110,166","16,156","1,674,250","8,565","4,770","1,611","14,684","2,906","1,482","35,493","9,693","12,092","7,407","16,788","13,344,275","193,519","440,033","478,872","902,434","1,137,484","1,748,334","2,084,659","2,749,565","3,608,370","5,065,648","12,771","33,514","50,789","78,272","113,176","196,516","245,391","313,883","539,003","1,318,508","21,310,740",152,528,"4,277,792","21,576,531","5,599,748","-10,287,690","31,278,304","44,622,580",,,,,,,,,,,,,,,,,,,,,,,,,,,,,,,,,,,,,,,,,,,,,,,,,,,
توليد پوشاک,17,"2,836,800","523,162","3,446","230,925","238,144","2,244","120,165","29,505","208,029","151,511","343,784","359,101","159,091",351,"142,044","37,379","627,988","433,911","354,739","41,707","385,891","130,480","331,745","674,648","214,743","301,260","122,162","604,821","849,263","2,129,464","265,454","128,467","2,765,110","9,548","1,165,133","531,285","1,446,377","186,891","96,279","78,755","70,302","246,282","484,555","147,870","43,546","2,324,064","1,119,456","783,309","1,006,910","2,260","8,795","361,501","454,396","11,880","40,435","247,906","2,193","253,922","36,697","41,571","10,579","152,888","69,926","156,531","6,204","17,284","8,927","12,688","4,474","2,092","83,634","55,373","23,753","8,208","31,811","1,618,930","79,656","5,647,949","46,524","14,778","3,070","183,055","8,571","38,944","743,455","1,010,576","67,360","331,532","691,933","38,080,356","1,868,100","3,927,110","4,592,223","6,150,919","8,440,332","11,264,602","13,247,347","17,092,857","22,427,926","50,705,265","198,656","398,042","600,340","908,568","1,233,507","1,637,335","2,162,013","2,724,210","4,218,826","7,241,173","161,039,352","38,930","2,942","643,853","11,119,292","169,496,785","45,307,184","48,654,769","86,735,124",,,,,,,,,,,,,,,,,,,,,,,,,,,,,,,,,,,,,,,,,,,,,,,,,,,
توليدچرم و فرآورده های وابسته بجز کفش,18,"137,577","41,325",116,"9,315","10,520",136,"10,045","1,490","10,038","6,218","12,172","12,946","4,384",182,"126,054","43,764","2,413,114","5,891,805","4,497,870","43,162","4,025","119,110","11,154","14,861","30,332","7,698","18,253","8,783","23,360","77,992","5,550","5,270","96,006","1,977","43,911","14,916","70,261","5,536","145,507","23,804","15,809","22,159","21,446","42,302","4,925","79,350","42,418","17,198","44,649",183,530,"22,405","49,798","2,920","2,044","26,326",210,"23,004","1,117","1,743","5,019","17,904","4,673","15,205",835,"3,077","1,050","1,492","1,785",190,"18,532","17,318",278,518,"1,688","174,016","4,778","176,215","3,944","2,613",944,"9,829","1,469","1,729","81,374","8,740","4,688","25,601","200,930","15,207,508","80,825","256,098","213,889","290,532","408,180","476,803","625,158","896,767","1,130,232","2,810,535","9,777","14,388","23,205","39,894","56,457","67,802","87,780","91,059","160,229","362,514","8,102,125","2,108",256,"304,589","2,427,688","1,988,553","2,782,058","11,630,271","26,837,780",,,,,,,,,,,,,,,,,,,,,,,,,,,,,,,,,,,,,,,,,,,,,,,,,,,
تولید کفش و پاپوش,19,"1,010,182","362,800",226,"92,803","13,010","1,036","18,177","14,659","35,927","47,956","62,233","63,080","55,451",16,"19,680","9,220","21,372",28,"1,601,655","23,505","20,263","11,850","91,968","206,970","34,809","79,463","23,531","129,303","258,181","1,027,756","27,269","45,936","1,114,749","3,289","609,522","164,194","382,869","48,323","15,591","6,483","6,835","22,762","169,839","316,791","3,942","404,823","243,598","227,114","192,084",148,469,"16,629","41,107","2,358","4,081","5,188",858,"110,624","12,449","18,852",593,"10,327","34,126","17,005","1,013","1,536",800,"1,137",329,43,"26,960","7,982",718,"1,271",326,"184,821","34,988","120,301","4,014","1,281",263,"72,522",678,"18,354","608,306","65,111","12,902","85,884","955,160","11,824,636","684,376","1,280,473","1,295,505","1,746,749","2,433,134","2,971,975","3,466,371","4,868,899","6,291,165","12,563,633","64,494","131,592","193,609","282,259","378,048","471,119","644,469","773,493","1,236,407","1,864,742","43,642,512","35,056",273,"165,432","6,212,703","20,280,321","-11,846,635","17,929,019","29,753,655",,,,,,,,,,,,,,,,,,,,,,,,,,,,,,,,,,,,,,,,,,,,,,,,,,,
"توليد چوب و فراورده هاي چوب و چوب پنبه، به جز مبلمان؛ توليد كالاها از
حصير و مواد حصيربافي",20,"3,984,358","1,049,346","4,859","12,276","58,528","149,369","13,768","2,842","152,266","17,991","263,765","271,770","19,148","26,735","26,169","3,620","22,333",892,"3,486","34,649,243","14,105,182","568,558","12,184","3,238","206,443","258,527","49,639","55,676","305,555","37,754","6,935","10,409","471,736","7,759","56,881","57,217","69,380","5,603","15,888,425","356,901","2,790","31,404","21,070","42,632","30,154","17,749,724","16,170,980","70,994","712,770",357,"2,795","12,759","45,773","13,156","3,155","16,294","2,469","48,281","40,745","4,242","124,731","41,566","24,865","320,988","6,030","13,276","242,902","345,245","740,978","22,283","19,445","193,247","3,271","11,650","44,965","712,997","7,019","86,966","40,781","264,898","26,601","105,272","52,972","27,262","292,808","71,216","42,114","39,394","219,785","112,434,839","68,580","117,621","141,329","149,073","184,629","205,584","240,057","292,063","341,606","559,381","7,513","17,718","24,980","34,041","39,497","45,179","51,053","65,946","86,219","138,267","2,810,337",207,274,"2,268,613","1,461,540","29,133,197","39,506,022","16,913,796","129,348,635",,,,,,,,,,,,,,,,,,,,,,,,,,,,,,,,,,,,,,,,,,,,,,,,,,,
توليدکاغذ و فرآورده های کاغذی,21,"1,839,691","621,394","33,020","35,408","182,274",473,"18,598","9,365","1,768,827","202,325","2,548,065","3,067,212","191,935","308,597","263,246","9,414","167,407","6,503","35,813","685,317","5,054,650","6,780,703","38,512","9,680","1,760,018","2,964,538","85,114","607,984","3,241,130","13,509","2,497","6,066","70,338","30,806","112,183","96,565","84,609","3,110","28,031","260,318","2,710","116,889","73,881","78,048","29,095","493,564","488,900","769,965","5,697,366","1,758","25,830","25,385","64,711","39,732","3,287","118,220","15,364","73,768","56,530","35,407","863,893","106,266","155,888","2,232,443","54,281","114,520","110,244","156,694","151,622","255,000","169,058","1,357,760","34,485","110,669","479,930","7,042,699","31,106","384,038","436,873","3,088,441","270,764","1,128,877","337,544","306,607","1,622,639","514,553","229,698","335,313","2,083,718","65,621,279","751,938","1,261,087","1,470,799","1,517,445","1,853,852","2,041,234","2,294,216","2,728,284","2,991,908","4,294,071","80,797","167,359","202,278","250,245","323,193","363,698","386,355","452,421","492,031","659,487","24,582,697",156,327,"335,595","1,255,007","28,350,502","14,373,261","12,196,541","77,817,820",,,,,,,,,,,,,,,,,,,,,,,,,,,,,,,,,,,,,,,,,,,,,,,,,,,
چاپ و تکثیر رسانه های ضبط شده,22,"2,737,419","340,654","20,069","31,229","319,189","2,017","270,020","17,846","730,267","86,556","957,647","1,190,004","103,997","109,500","102,571","46,104","110,485","6,523","18,278","254,060","1,804,494","2,415,402","126,700","5,370","1,392,448","1,146,292","140,216","225,173","1,327,879","198,757","20,660","20,542","652,207","357,013","195,073","70,635","329,787","77,787","34,570","131,940","83,593","755,083","465,542","374,104","125,420","265,013","359,782","296,463","2,185,058","4,423","20,757","279,779","1,127,040","29,991","31,516","78,648","6,647","103,839","34,651","28,975","337,316","548,544","68,050","1,658,461","87,616","115,051","60,111","85,438","59,779","93,277","103,693","581,397","14,150","46,659","214,403","3,546,297","120,701","212,767","271,678","1,143,449","143,513","525,436","204,896","152,594","636,854","201,596","172,013","153,940","763,693","37,107,077","393,741","674,559","787,328","945,691","1,154,757","1,470,698","1,722,551","2,267,639","2,870,916","4,276,223","39,434","78,337","99,339","128,062","171,089","203,383","249,078","309,752","397,942","632,941","18,873,459",612,"7,415","7,061,728","1,007,077","33,098,603","10,801,866","4,653,553","41,760,630",,,,,,,,,,,,,,,,,,,,,,,,,,,,,,,,,,,,,,,,,,,,,,,,,,,
توليد فراورده های نفتی (پالايشگاه ها),23,"31,272,875","6,943,150","28,683","8,911,984","6,522,956","43,885","867,582","1,465,057","337,493","69,422","163,900","690,145","120,032","4,527","668,595","185,711","35,385","41,808","11,588","168,663","169,312","56,551","8,490,356","13,760,525","31,645,107","747,688","2,735,542","227,502","4,664,941","12,040,633","1,279,781","62,231","513,644","13,240","263,450","136,173","408,827","67,836","76,977","44,056","39,801","17,915,987","192,086","360,840","350,279","6,502,373","8,026,911","1,297,074","2,606,740","201,251","1,304,227","33,674,755","124,444,616","111,284","10,797,280","9,190,524","10,569","351,112","4,464","34,929","241,765","485,287","84,122","273,160","106,313","11,585","7,005","9,957","15,519","32,709","91,009","129,221","5,318","22,540","37,744","3,416,399","5,251,656","2,126,368","111,837","2,030,558","37,627","309,353","307,757","1,062,978","1,497,133","295,532","548,375","157,629","1,003,143","373,084,517","1,256,771","3,248,095","4,248,741","5,127,406","6,584,356","7,763,728","9,152,808","12,064,811","14,311,316","20,051,500","246,578","703,429","805,495","911,119","1,175,651","1,471,954","1,742,736","1,957,332","2,619,033","3,778,697","99,221,554","9,233","1,125","98,416","151,369,305","65,389,659","4,724,536","190,034,511","563,119,028",,,,,,,,,,,,,,,,,,,,,,,,,,,,,,,,,,,,,,,,,,,,,,,,,,,
توليد ساير فرآورده های حاصل از تصفيه نفت (غیر پالایشگاه ها),24,"1,024,395","342,501","6,525","1,030,764","615,146",310,"15,216","11,783","4,037","3,131","15,757","5,213","1,740",650,"91,389","80,352",510,107,37,"1,452","10,799",439,"815,676","10,276,838","17,809,736","7,557","10,702","7,750","28,645","9,321,457","532,273","10,796","33,717","2,782","55,175","26,118","47,943","1,045","2,317","2,596","2,567","39,082","57,133","84,263","5,081","1,878,536","1,962,544","342,946","176,452","94,687","82,436","1,774,663","9,455,193","28,284","45,293","582,130","1,527","70,967",207,"6,898","115,000","145,299","19,442","56,892","10,605","42,849",0,0,"6,107",121,"27,797","42,705","1,508","3,391","12,833","1,239,958",18,135,"10,592","273,824","20,500","81,272","86,863","78,472","825,459","54,414","74,767","59,138","94,903","62,331,127","217,189","323,809","486,230","648,086","916,229","881,181","1,410,820","1,666,453","2,393,148","8,143,182","8,274","14,757","22,676","40,175","49,390","69,622","95,767","109,435","182,023","371,221","18,049,668","13,495",0,"157,934","7,687,043","9,656,772","4,186,774","20,438,142","82,769,270",,,,,,,,,,,,,,,,,,,,,,,,,,,,,,,,,,,,,,,,,,,,,,,,,,,
توليد مواد شیمیایی و فرآورده های شیمیایی,25,"109,519,617","20,042,242","9,130","2,555,627","3,435,205","37,878","830,728","363,937","270,753","1,124,125","771,588","9,190,917","2,607,257","113,744","18,080,461","2,752,849","116,287","446,742","85,856","2,351,761","4,030,796","922,040","6,676,315","24,484,816","116,706,475","26,132,734","95,670,718","4,196,650","9,367,735","8,814,615","5,014,353","413,283","8,444,882","178,709","5,279,282","2,232,283","6,775,328","348,250","754,474","815,766","29,581","1,419,171","1,287,299","823,539","300,864","19,618,858","4,680,127","989,060","2,448,882","71,320","65,658","2,653,538","9,881,021","61,250","574,067","995,943","68,335","229,238","16,805","109,409","730,795","366,774","57,966","524,754","46,751","49,176","170,846","242,828","600,633","101,975","836,418","251,887","3,646","15,022","45,398","4,478,167","369,524","1,180,386","129,275","939,662","403,095","701,159","692,478","187,254","15,162,753","8,711,779","2,654,053","107,782","312,728","588,365,137","4,066,813","5,906,006","6,335,537","7,349,496","8,164,009","9,145,713","10,921,337","12,594,427","16,188,149","27,133,543","682,719","1,076,947","1,084,106","1,235,189","1,474,980","1,666,100","1,816,674","2,112,623","2,570,545","3,925,521","125,450,436","358,360","1,279","3,351,406","342,371,804","201,254,956","43,069,341","313,347,669","901,712,806",,,,,,,,,,,,,,,,,,,,,,,,,,,,,,,,,,,,,,,,,,,,,,,,,,,
توليد داروها و فرآورده های دارویی شیمیایی و گیاهی,26,"552,179","5,846,877","1,691","540,071","44,761","19,545","333,866","172,840","125,174","30,081","250,532","499,110","20,927","67,810","4,270,024","963,445","31,676","7,713","31,436","1,038,864","1,908,454","520,536","2,548,338","2,537,497","2,849,365","4,748,205","1,887,175","169,514","3,956,538","37,339","115,960","50,587","4,574,477","5,834","661,018","224,045","2,628,737","180,095","351,520","187,540","7,723","60,544","186,833","92,363","22,137","10,779,104","2,108,337","421,978","585,417","19,586","10,204","124,990","511,817","18,412","280,147","70,910",493,"50,044","1,010","30,373","195,764","37,490","15,665","161,321","12,673","16,718","98,894","140,562","329,336","14,182","151,886","47,959",167,637,"2,754","1,605,495","152,894","485,992","61,308","92,459","113,248","296,407","140,166","29,910","8,107,090","5,129,200","1,485,420","20,679","80,966","79,401,057","2,140,509","3,056,077","3,242,215","3,757,411","4,154,814","4,664,119","5,627,436","6,411,976","8,414,495","14,416,187","372,514","569,770","570,629","650,067","778,144","876,631","943,846","1,105,166","1,326,427","2,045,601","65,124,032","215,171",673,"713,894","14,964,999","57,270,694","14,637,774","38,385,849","117,786,907",,,,,,,,,,,,,,,,,,,,,,,,,,,,,,,,,,,,,,,,,,,,,,,,,,,
توليد فرآورده های لاستیکی و پلاستیکی,27,"11,246,665","1,265,578","5,447","1,740,026","300,407","3,866","379,429","202,418","2,588,374","661,840","3,722,380","4,218,956","2,375,277","15,124","860,864","181,088","531,287","2,022,139","1,768,976","342,310","4,777,088","2,424,667","1,140,248","231,984","7,358,568","4,271,976","36,065,381","1,256,940","2,886,452","531,231","38,749","52,156","1,721,991","1,037,630","1,873,590","1,075,859","7,343,910","906,482","3,369,122","1,090,540","110,795","120,254","73,488","253,016","53,257","13,976,606","8,988,883","777,185","15,586,006","136,638","65,493","7,282,750","37,104,936","4,390","777,596","290,473","12,086","582,019","39,147","70,067","1,633,927","114,059","72,568","748,114","26,932","34,377","415,983","591,250","1,646,206","35,084","125,436","222,263","5,906","33,550","81,768","1,512,583","169,933","286,704","90,880","30,456","60,735","126,316","84,154","128,236","1,750,090","1,238,005","570,239","69,171","900,009","212,997,028","212,555","448,250","542,527","745,928","847,609","1,027,028","1,268,061","1,510,728","1,689,347","2,628,155","25,506","71,558","92,694","125,973","175,423","239,731","306,327","342,437","490,725","779,517","13,570,078",428,"1,015","1,277,407","33,326,742","38,718,500","41,425,994","50,883,165","263,880,193",,,,,,,,,,,,,,,,,,,,,,,,,,,,,,,,,,,,,,,,,,,,,,,,,,,
توليد شيشه و محصولات شيشه اي,28,"85,064","129,910","1,739","4,541","26,615",789,"18,549","6,713","266,916","64,825","809,781","541,931","512,469",925,"35,558","2,926","11,619",238,262,"18,728","2,469","8,755","16,525","9,034","134,759","3,513,278","40,292","7,805,822","254,864","44,966","25,407","5,846","599,128","96,129","189,170","29,562","44,508","78,863","14,049","66,551","8,261","27,120","9,909","19,672","6,330","1,873,906","1,204,453","12,646","474,762","4,389","2,543","948,325","1,757,198","8,620","28,372","29,938","1,137","51,356","1,118","13,750","183,952","9,432","11,498","97,921","3,503","2,778","54,698","77,744","420,052",829,"39,348","18,057","1,696","1,661","8,637","135,727","2,971","58,072","15,152","91,043","47,048","11,021","115,916","56,053","881,036","468,019","53,120","23,407","202,516","25,096,791","110,266","232,149","262,229","349,306","415,150","431,086","734,514","1,299,639","2,027,013","3,029,934","1,915","9,226","14,946","18,924","24,597","31,395","37,474","73,939","105,093","249,814","9,458,609",195,278,"1,265,944","7,629,557","5,834,849","24,936,640","37,456,374","62,553,165",,,,,,,,,,,,,,,,,,,,,,,,,,,,,,,,,,,,,,,,,,,,,,,,,,,
توليد محصولات کاني غير فلزي طبقه بندي نشده در جاي ديگر,29,"1,282,013","702,935","1,306","190,610","301,528","14,781","338,919","93,710","26,652","15,026","253,908","82,372","4,234",309,"41,864","9,155","14,069","1,514","1,955","24,202","20,920","17,515","360,727","131,916","381,743","23,200","127,506","761,461","7,053,405","1,660,718","85,892","62,232","214,045","9,190","131,626","229,955","436,491","62,715","36,208","43,705","12,889","164,341","98,531","89,316","31,286","204,345,916","88,549,189","191,616","1,609,572","7,068","13,833","65,647","256,189","13,258","25,178","28,945","2,439","93,682","3,126","64,437","282,608","97,910","3,813","443,651","13,967","49,187","2,293,523","3,259,858","9,841,874","55,114","43,438","56,776","1,388","3,575","17,018","440,714","21,345","16,434","25,099","511,925","281,963","60,013","320,033","17,340","617,354","71,247","88,679","45,356","851,922","330,751,815","84,658","148,884","212,940","201,269","307,753","332,052","527,340","700,919","1,259,734","2,382,426","7,369","26,312","39,948","69,121","69,739","120,234","125,248","163,687","341,036","689,913","7,810,583",929,"1,574","9,897,586","31,432,569","19,334,005","-42,942,254","-13,133,018","317,618,797",,,,,,,,,,,,,,,,,,,,,,,,,,,,,,,,,,,,,,,,,,,,,,,,,,,
توليد آهن و فولاد پايه,30,"3,473,131","516,533","3,892","282,741","201,674","19,433","716,568","613,245","333,071","125,382","610,481","652,170","123,449","15,954","276,282","77,899","240,340","25,037","41,034","157,540","110,646","169,724","1,735,860","2,287,688","2,228,991","357,567","4,796,653","760,409","7,794,385","110,444,854","14,889,124","3,024,481","81,168,287","1,429,210","26,319,086","15,688,177","31,864,458","3,201,462","3,595,241","1,337,479","21,429","411,268","238,128","1,012,051","209,814","116,483,795","52,592,851","318,357","1,406,201","11,730","21,117","205,986","848,234","63,084","117,560","78,188","16,406","615,761","9,343","28,251","151,442","350,354","19,608","1,106,368","24,704","45,187","265,379","377,191","247,990","25,070","47,440","108,456","2,591","9,127","33,606","770,942","81,009","27,376","75,124","68,907","81,992","122,287","145,622","21,854","606,864","82,034","129,954","38,330","227,188","501,713,193","25,773","87,293","145,348","198,478","242,219","301,923","441,260","576,597","775,029","1,834,572",980,"20,707","25,884","36,376","46,365","57,398","78,295","101,013","149,967","317,591","5,463,068","1,406","4,732","9,765,894","81,364,475","112,183,582","50,422,084","34,838,077","536,551,270",,,,,,,,,,,,,,,,,,,,,,,,,,,,,,,,,,,,,,,,,,,,,,,,,,,
تولید محصولات اساسی مس و آلومنيوم,31,"883,353","125,713",837,"61,681","60,591","5,668","206,064","179,975","90,995","32,928","171,635","176,850","32,925","4,578","69,740","20,673","41,468","6,165","11,205","44,084","26,315","46,794","506,028","655,683","561,565","86,151","1,186,251","219,323","2,286,885","32,420,550","4,365,273","854,189","23,854,249","419,754","7,740,014","4,630,691","9,350,709","939,774","1,055,433","270,434","5,590","111,220","60,018","275,107","39,486","34,219,424","15,441,811","82,410","322,395","3,311","5,636","52,420","217,232","17,049","33,248","17,930","4,604","178,114","1,926","7,220","29,495","100,999","3,757","298,731","6,335","11,511","77,327","109,907","68,734","6,021","12,351","14,170",309,"1,240","3,644","187,058","12,527","3,658","19,280","9,667","19,000","26,617","35,327","3,456","159,440","14,121","20,509","6,461","39,038","146,100,034","5,706","12,947","19,953","28,183","35,245","40,826","61,542","81,577","106,394","263,345","1,210","3,473","3,615","5,085","6,712","8,190","10,799","13,675","20,132","37,180","765,792",185,"1,268","3,801,035","23,472,884","32,716,425","14,391,497","9,716,236","155,816,270",,,,,,,,,,,,,,,,,,,,,,,,,,,,,,,,,,,,,,,,,,,,,,,,,,,
تولید سایر فلزات اساسی و ریخته گری,32,"103,582","16,584",109,"7,599","6,842",600,"22,751","18,766","10,692","3,992","19,078","19,709","3,519",495,"7,592","2,418","5,843",656,"1,183","4,997","3,017","5,051","53,473","68,574","63,005","9,298","129,069","22,911","238,122","3,367,378","453,628","90,312","2,476,454","43,716","803,793","479,831","973,744","97,916","109,644","33,818",837,"14,630","8,084","30,939","5,592","3,557,133","1,605,362","9,351","40,536",395,705,"6,999","28,307","1,910","3,714","2,158",491,"18,909",314,837,"4,306","13,163",673,"34,580",775,"1,465","8,169","11,611","7,469",702,"2,189","2,566",60,216,759,"24,484","2,137","1,583","2,642","1,947","2,414","5,357","4,124",582,"18,365","2,181","3,274",944,"5,739","15,281,439","2,037","4,201","5,675","7,225","8,683","10,399","14,097","18,458","23,967","50,743",350,964,"1,033","1,375","1,707","2,060","2,620","3,294","4,618","8,691","172,196",40,216,"364,402","2,451,878","3,390,484","1,504,625","1,102,874","16,384,313",,,,,,,,,,,,,,,,,,,,,,,,,,,,,,,,,,,,,,,,,,,,,,,,,,,
"توليد محصولات فلزی ساخته شده، به جز ماشین آلات و تجهیزات",33,"5,321,491","831,989","14,948","1,245,411","3,916,704","8,941","951,505","330,265","581,032","178,288","854,792","996,566","1,005,725","1,857","161,246","86,831","110,287","10,371","18,434","271,865","22,806","61,143","928,136","137,903","2,149,892","403,586","982,020","17,498","1,112,171","4,352,267","433,236","135,306","14,732,071","440,037","1,529,561","16,226,153","29,462,187","2,804,205","1,666,122","360,186","1,632,952","1,868,112","1,173,633","982,076","386,095","34,034,112","19,620,384","383,789","2,726,999","15,282","35,669","845,695","3,442,903","59,867","542,765","112,898","8,146","188,012","47,187","13,113","392,359","950,196","56,870","1,209,125","40,225","110,147","480,766","683,328","2,912,616","24,899","190,440","506,431","12,317","44,515","177,319","2,438,631","273,358","18,283,708","254,654","202,627","124,441","566,048","128,081","67,248","866,490","242,077","315,380","137,026","777,371","195,443,416","342,533","705,887","799,713","968,918","1,243,446","1,595,783","1,620,056","2,373,663","3,078,268","6,625,083","44,240","114,530","147,336","180,472","210,319","264,951","309,641","388,199","530,108","1,116,979","22,660,126","1,194","16,215","271,833,810","14,697,162","96,359,219","-42,749,380","170,099,907","365,543,324",,,,,,,,,,,,,,,,,,,,,,,,,,,,,,,,,,,,,,,,,,,,,,,,,,,
"تولید محصولات رایانه ای، الکترونیکی و نوری",34,"451,353","80,323","3,557","28,128","1,211,788","1,819","53,093","23,550","89,403","9,838","244,353","189,037","39,069","6,126","40,168","38,610","21,239","2,557","3,550","42,867","103,524","236,641","127,908","13,295","1,811,886","42,609","1,652,969","31,174","899,622","999,563","172,709","25,883","3,268,570","2,837,046","5,578,455","640,829","2,452,424","161,295","34,994","42,330","765,048","994,396","1,396,085","285,228","24,917","7,485,373","10,576,573","704,599","3,896,862","52,873","46,272","462,192","1,343,727","16,664","133,663","141,847","26,942","289,301","144,885","104,417","566,899","6,562,487","287,106","4,326,083","135,915","145,785","2,133","3,031","5,122","8,438","259,930","2,948,217","31,861","72,406","323,207","1,495,945","16,341","525,193","91,665","1,038,248","819,290","2,926,353","240,007","97,010","660,653","1,412,775","72,509","227,930","1,475,373","79,383,934","463,679","918,980","1,072,922","1,452,485","2,088,922","2,690,784","3,353,499","4,998,165","7,129,678","11,765,551","17,686","34,376","66,719","124,503","153,520","225,473","347,331","463,262","683,815","1,410,220","39,461,571","1,694",605,"90,280,647","4,954,878","169,512,254","-14,505,460","-49,318,320","30,065,614",,,,,,,,,,,,,,,,,,,,,,,,,,,,,,,,,,,,,,,,,,,,,,,,,,,
توليد تجهیزات برقی,35,"1,118,174","175,237",914,"134,525","541,536","1,758","127,190","51,918","159,408","17,932","884,757","411,973","27,325","18,167","74,433","63,901","40,136","3,490","3,842","73,800","95,684","273,048","85,328","46,146","2,013,101","52,234","198,248","47,800","1,085,144","1,776,942","141,251","109,501","3,529,493","4,749,539","26,761,115","5,015,756","11,494,518","424,933","70,312","102,390","2,250,637","1,575,694","641,836","768,419","42,237","5,922,720","38,614,711","298,818","673,167","201,957","101,945","1,681,800","6,247,672","23,582","612,026","246,436","20,452","649,819","2,962","59,504","4,336,584","130,236","15,132","92,667","66,673","10,713","3,940","5,600","6,008","30,096","73,094","48,496",492,"1,509","7,406","501,021","503,288","195,400","20,436","484,964","251,445","1,352,499","297,716","70,699","137,481","55,644","87,788","7,956","103,682","131,537,959","452,239","1,261,528","1,496,836","1,756,798","2,162,985","3,660,911","4,061,553","6,346,369","8,318,054","12,760,432","39,628","89,120","170,597","200,450","241,802","386,952","501,100","805,547","1,168,664","2,349,719","48,231,283",190,"1,279","102,571,792","13,740,689","96,039,228","-31,544,237","36,961,769","168,499,728",,,,,,,,,,,,,,,,,,,,,,,,,,,,,,,,,,,,,,,,,,,,,,,,,,,
تولید ماشین آلات و تجهیزات طبقه بندی نشده در جای دیگر,36,"1,717,779","245,078","2,155","79,702","1,428,580","1,296","240,700","63,283","81,988","31,454","134,683","155,051","20,080","1,340","79,908","72,882","28,048","7,300","9,207","50,054","11,303","62,151","283,373","43,521","638,481","22,124","296,893","16,269","642,293","224,104","85,032","18,703","1,695,205","199,531","3,416,718","7,920,815","31,052,784","562,506","89,198","43,109","988,273","703,401","660,234","501,447","74,953","23,144,982","4,748,318","94,901","651,024","5,670","29,877","468,760","2,887,811","19,152","482,373","125,174","7,395","148,449","25,261","16,781","536,403","4,667,457","30,140","808,053","46,361","35,015","16,949","24,091","802,616","3,489","68,726","140,249","3,528","11,647","49,427","534,512","64,344","35,043,790","70,733","486,434","177,042","1,048,498","116,812","19,541","161,366","71,193","56,940","36,264","218,100","132,908,637","66,517","163,885","220,572","343,483","310,757","385,734","443,954","672,002","812,854","1,583,965","8,006","21,226","25,385","40,586","61,200","75,534","78,710","129,366","183,059","288,220","5,915,016",331,"4,257","250,107,769","6,712,343","254,535,215","588,265","8,792,767","141,701,404",,,,,,,,,,,,,,,,,,,,,,,,,,,,,,,,,,,,,,,,,,,,,,,,,,,
"تولید وسایل نقلیه موتوری، تریلر و نیم تریلر",37,"1,766,935","338,234","2,849","151,753","372,970","1,257","160,065","22,145","126,888","39,158","138,858","177,768","76,020","2,214","33,659","25,056","88,615","27,734","25,713","40,550","87,379","55,845","498,321","77,995","907,446","111,259","1,095,237","94,750","673,287","617,911","466,295","100,388","240,313","20,613","331,775","2,747,314","226,255,386","4,252,872","72,395","327,049","28,410","388,845","196,761","251,070","107,950","957,611","880,631","554,742","603,433","52,787","26,541","2,069,316","7,471,146","39,108","33,521","116,330","2,289","106,227","26,925","5,675","87,407","153,670","10,388","219,062","7,720","28,642","18,711","26,595","37,320","5,551","52,009","59,182","1,433","5,013","19,965","550,670","1,171,251","694,526","62,532","399,304","370,758","196,047","98,534","16,032","231,542","61,221","188,707","19,537","230,235","261,595,153","-2,434,075","-105,797","540,248","-169,597","985,825","2,003,653","2,842,701","5,917,827","16,143,765","110,760,592","-449,360","30,726","41,092","72,340","108,656","163,735","169,036","267,844","539,617","6,152,639","143,581,469","2,119","3,955","380,094,212","6,115,636","180,957,815","83,328,843","432,168,419","693,763,572",,,,,,,,,,,,,,,,,,,,,,,,,,,,,,,,,,,,,,,,,,,,,,,,,,,
تولید سایر تجهیزات حمل و نقل,38,"3,912,806","209,923","3,650","28,835","720,544","3,469","723,944","26,213","28,213","2,207","18,905","42,383","1,965",836,"8,139","38,839","9,450",411,"2,786","12,538","1,732","33,931","210,027","1,450","226,531","8,924","30,409","5,885","59,398","31,101","7,843","13,028","92,169","1,275","5,247","40,666","227,434","4,216,208","6,099","7,055","52,100","1,156,294","510,195","573,869","197,954","184,319","67,242","1,282","54,175","118,157","76,345","508,209","2,085,633","28,550","72,136","329,263","1,183","117,611","17,301","1,353","2,354","428,896","8,198","474,628","13,816","73,090","40,614","57,726","18,497","2,068","66,774","1,855",53,136,"1,047","944,106","106,759","236,130","203,529","59,967","9,307","234,315","33,975","18,573","105,726","22,830","125,211",689,"7,194","20,473,705","152,634","243,138","259,535","803,574","444,273","417,883","823,190","1,023,422","1,416,267","2,061,798","14,775","24,166","30,424","45,347","71,898","109,150","107,138","159,471","214,633","256,707","8,679,423",64,"14,082","52,409,067","1,381,262","32,185,617","6,561,922","36,860,203","57,333,907",,,,,,,,,,,,,,,,,,,,,,,,,,,,,,,,,,,,,,,,,,,,,,,,,,,
تولید مبلمان,39,"58,974","9,287",186,"5,339","15,611",52,"6,506",544,"7,771","1,359","5,460","9,105","2,285",200,"1,548","1,465","7,303",907,610,"123,292","2,772","1,931","3,603",951,"79,080","4,116","55,729","1,472","28,708","70,182","5,829","9,252","27,222","11,317","10,793","9,607","2,277,398","2,181","169,113","37,525","8,599","15,230","119,713","11,357","6,756","5,535,506","2,756,328","6,300","72,040",299,711,"8,279","32,768","1,107","1,577","7,852",163,"3,114","1,316","1,554","8,202","15,236","2,072","45,289","6,261","2,108",602,855,"1,884","1,239","2,523","12,650",171,758,"2,873","43,365","3,761","1,937","2,940","77,595","34,914","353,678","49,033","3,634","15,092","3,484","7,936","4,594","39,339","12,401,177","110,916","186,955","443,403","447,575","864,071","1,539,160","2,196,080","2,912,495","5,658,332","10,950,916","3,706","2,587","9,915","9,104","27,224","65,076","47,338","153,439","287,720","979,306","26,895,318",245,422,"27,635,192","848,354","2,200,518","20,589,904","73,768,917","86,170,094",,,,,,,,,,,,,,,,,,,,,,,,,,,,,,,,,,,,,,,,,,,,,,,,,,,
تولید سایر مصنوعات ,40,"265,751","112,077","3,727","302,022","34,630",265,"31,578","2,228","5,905","1,244","8,312","8,635",746,212,"2,735","3,280","437,906","1,691","3,476","4,971","49,279","39,400","20,549","2,099","135,620","601,760","2,113,565",794,"94,983","725,910","137,334","543,297","142,730","2,312","4,199","13,053","34,718","7,314","2,481","2,069,042","11,509","91,322","104,389","303,558","327,715","75,728","71,727","158,782","1,185,647",754,"5,332","35,086","135,803","17,833","3,725","26,127","3,446","31,018","12,216","14,443","176,674","38,401","29,596","403,910","13,409","16,803","3,424","4,866","3,029","21,459","50,034","278,991","7,039","22,720","98,256","1,626,729","164,774","118,820","32,299","163,739","77,742","152,137","98,142","43,172","8,158,125","7,132,963","517,901","69,453","427,455","30,540,049","-116,663","-37,937","319,130","301,724","288,385","367,490","597,841","1,767,417","2,430,981","4,286,360","-35,128",916,"23,251","37,403","47,338","64,171","112,689","177,541","340,265","1,275,574","12,248,747","71,034",869,"30,581,244","2,618,516","63,074,486","22,701,591","5,147,516","35,687,565",,,,,,,,,,,,,,,,,,,,,,,,,,,,,,,,,,,,,,,,,,,,,,,,,,,
تعمیر و نصب ماشین آلات و تجهیزات,41,"5,053,732","268,837","4,687","36,269","499,383","4,329","629,195","32,125","34,377","2,364","22,175","51,134","2,331","1,064","10,179","50,109","10,346",426,"3,515","15,594","1,678","43,613","271,389","1,005","287,871","10,956","32,532","7,394","71,451","34,953","8,006","15,367","116,570","1,527","5,977","19,055","289,980","136,492","3,076","4,210","67,278","1,493,799","659,903","741,792","255,332","220,477","75,275",456,"58,323","8,684","25,755","656,874","2,698,253","36,738","58,837","42,343","1,463","151,205","22,280","1,641","1,373","543,116","9,447","610,037","17,674","94,310","52,532","74,665","20,044","2,449","83,272",985,39,51,910,"1,206,441","134,393","17,617","263,102","76,339","11,516","255,657","43,096","23,733","131,251","27,919","161,143",359,"7,308","19,242,762","52,298","108,675","148,575","214,587","256,625","298,846","439,164","617,823","741,298","1,558,455","19,955","35,222","32,186","45,104","55,387","69,133","85,570","114,119","146,331","228,377","5,267,731",28,"17,904","692,054","632,457","1,503,036","9,887","5,117,027","24,359,788",,,,,,,,,,,,,,,,,,,,,,,,,,,,,,,,,,,,,,,,,,,,,,,,,,,
"تولید، انتقال و توزیع برق",42,"7,775,452","2,270,398","24,877","379,355","380,893","47,100","2,109,439","553,371","767,955","142,252","1,029,929","1,397,146","243,027","10,298","1,340,811","289,505","269,670","93,606","133,222","794,942","732,990","245,043","294,020","671,172","11,768,832","232,712","2,456,159","841,866","7,974,728","10,462,211","4,492,483","352,321","1,431,180","36,593","451,646","473,383","1,105,072","405,785","316,422","124,296","93,797","17,838,974","1,502,151","1,705,752","297,462","4,009,017","1,071,906","1,302,133","12,813,600","15,677","191,131","114,513","401,197","288,141","63,697","131,357","308,189","1,199,473","124,655","329,201","1,545,705","2,929,175","309,014","2,629,347","152,062","169,837","6,043","8,589","2,259","542,109","225,593","2,022,770","27,306","130,577","584,826","6,930,100","1,289,711","298,232","273,936","3,894,884","152,826","801,860","177,446","184,503","2,334,972","873,477","490,307","596,762","1,169,196","139,477,608","2,490,883","3,118,613","3,250,713","3,707,788","3,977,355","4,092,091","4,459,041","4,725,098","5,199,204","7,149,661","147,997","257,420","285,354","320,752","339,242","381,171","387,989","404,644","429,710","537,885","45,662,610",317,"82,441","99,947","14,267,126","4,545,632","-4,460","55,562,349","195,039,957",,,,,,,,,,,,,,,,,,,,,,,,,,,,,,,,,,,,,,,,,,,,,,,,,,,
توليد گاز؛ توزيع سوختهاي گازي از طريق شاه لوله,43,"3,616,282","1,573,457","56,912","173,674","1,600,441","1,286","503,875","31,037","659,667","280,887","895,170","3,573,013","240,786","3,830","815,809","147,467","176,581","82,030","76,467","989,119","763,388","119,144","4,864,031","142,166","49,617,189","307,015","1,292,248","2,382,391","18,887,038","19,245,873","1,128,267","156,866","937,207","16,494","344,594","386,108","718,870","116,329","236,202","75,662","50,661","10,172,619","19,140,228","447,974","112,674","748,712","289,614","704,327","5,054,024","4,226","82,208","3,225,468","13,378,608","699,617","126,794","53,637","68,452","343,723","372,323","366,810","538,639","553,756","136,963","696,481","43,471","42,481","14,572","20,712","5,446","130,886","127,889","1,359,811","35,324","113,949","374,636","5,054,311","367,598","97,838","278,936","248,604","253,088","1,010,280","277,848","1,248,427","2,177,198","609,615","379,684","462,250","964,009","190,302,274","2,579,551","3,702,257","4,049,239","4,616,722","4,959,122","5,167,473","5,468,379","5,738,721","5,724,954","6,891,163","118,595","183,389","231,651","298,223","337,018","410,843","478,309","500,107","598,398","732,199","52,786,315",0,"4,967","186,242","64,514,369","19,312,264","2,612,036","100,791,666","291,093,940",,,,,,,,,,,,,,,,,,,,,,,,,,,,,,,,,,,,,,,,,,,,,,,,,,,
"جمع آوری، تصفیه و تامین آب",44,"2,876,383","341,178","3,522","165,796","96,671","10,642","732,281","119,110","168,913","18,805","126,279","321,973","82,489",906,"139,891","34,305","37,972","27,145","12,353","59,875","91,289","32,787","62,017","72,546","5,221,678","43,873","237,011","86,648","1,922,771","1,039,759","411,225","31,785","199,511","5,889","58,174","67,287","141,468","48,751","38,841","18,109","18,460","1,824,782","223,633","1,115,028","45,023","1,870,337","321,970","210,482","1,448,217","11,096","38,149","76,697","280,060","28,923","262,265","39,899","29,965","144,488","28,112","114,923","924,554","390,443","78,850","360,228","26,018","40,449","5,112","7,266","1,919","206,812","60,560","178,770","4,149","16,803","45,693","774,834","138,185","68,320","61,012","662,607","28,134","422,206","34,609","61,212","319,041","240,890","143,241","115,175","226,751","28,984,259","1,156,145","1,558,340","1,608,612","1,815,288","1,837,106","1,956,388","1,962,656","2,219,875","2,281,769","2,725,943","55,845","101,337","123,907","139,762","153,274","163,082","166,101","167,666","188,057","229,636","20,610,790",0,"18,121","94,532","1,078,999","513,079","7,960","21,297,323","50,281,582",,,,,,,,,,,,,,,,,,,,,,,,,,,,,,,,,,,,,,,,,,,,,,,,,,,
"فاضلاب، فعالیت های جمع آوری، تصفیه و دفع پسماند؛ بازیافت مواد",45,"12,427","101,176",12,"6,141",296,6,150,147,845,1,"1,480","1,545","1,559",0,"2,105",31,417,358,80,21,"1,011",9,17,"3,440","113,104","1,128","187,989","3,619","599,346","25,518",297,27,"8,838","37,566","1,929","114,244","237,102",471,14,1,12,"12,787","10,448","482,549","9,995","1,859,449","34,714","33,685","114,570",117,"1,398",125,161,"1,473",113,"2,273","2,755","9,658",795,"45,341",0,"2,769",181,"11,998",191,"1,102",3,4,1,0,"1,753","15,027","5,363","3,874","4,907",449,"22,327,273",6,37,5,"87,566","503,782","220,196",1,"254,541","290,319","89,478","8,350","21,089","27,937,149","252,152","357,182","306,707","385,251","477,384","443,027","433,699","687,994","636,483","1,463,703","6,403","13,232","16,909","19,897","22,504","30,638","32,339","41,736","39,636","83,161","5,750,038",0,1,40,107,772,0,"5,749,414","33,686,563",,,,,,,,,,,,,,,,,,,,,,,,,,,,,,,,,,,,,,,,,,,,,,,,,,,
ساختمان خصوصی,46,"663,088","359,328",667,"33,365","283,542",864,"109,194","19,328","21,269","6,212","89,803","54,780","12,496",734,"10,271","3,928","11,558","3,434","1,480","11,271","8,662","6,974","74,458","45,768","340,577","45,818","39,995","9,876","60,870","37,638","11,225","4,692","93,433","5,132","31,999","49,810","106,630","21,976","11,402","9,324","5,322","366,529","17,371","299,008","5,318","66,588,388","13,443,114","41,440","813,639","89,978","112,573","86,445","18,184","55,513","48,340","38,936","9,351","548,948","68,412","21,027","98,681","282,744","500,481","2,139,129","60,566","87,219","4,076,766","5,794,439","10,421,319","31,954","96,033","105,173","1,810","1,571","23,151","3,575,866","129,869","173,611","261,838","555,216","164,964","355,268","178,953","15,150","352,951","62,937","88,694","16,239","305,727","115,349,025","43,321","69,024","75,198","139,881","92,186","192,355","164,565","400,231","499,294","971,743",566,"1,837","2,289","50,247","40,312","47,838","55,600","144,340","78,029","79,568","3,148,424",0,"155,201","1,154,093,701","1,743,875","1,133,998",0,"1,158,007,203","1,273,356,228",,,,,,,,,,,,,,,,,,,,,,,,,,,,,,,,,,,,,,,,,,,,,,,,,,,
ساختمان دولتی,47,"1,586,680","898,533","1,123","79,476","220,343","1,680","222,773","25,208","11,334","1,819","179,368","54,713","3,761",210,"7,797","1,864","10,807","1,105",679,"5,033","6,038","7,962","26,527","14,857","450,376","16,111","14,733","3,082","28,578","13,627","4,128","1,745","30,771","3,381","10,962","52,772","87,197","23,272","8,849","11,468","6,048","187,700","11,981","712,526","13,147","7,461,265","34,371,558","59,083","1,864,861","27,695","34,839","37,076","5,726","48,671","55,778","33,377","24,000","1,304,281","158,427","44,374","258,142","107,043","288,192","3,680,319","23,471","134,613",990,"1,407","27,261,453","75,923","65,985","86,983","2,263","3,644","26,393","8,007,669","80,774","453,883","442,079","832,813","370,610","236,944","389,039","19,446","903,520","79,414","87,161","23,002","683,832","95,220,159","6,552","11,952","15,709","22,498","20,901","34,126","25,636","75,945","126,969","203,870",126,268,147,384,489,785,"1,261","2,928","3,033","10,556","564,138",0,"44,506","600,417,396","500,076","325,187",0,"601,200,928","696,421,088",,,,,,,,,,,,,,,,,,,,,,,,,,,,,,,,,,,,,,,,,,,,,,,,,,,
"فروش، نگهداری و تعمیر وسایل نقلیه موتوری و موتور سیکلت",48,"18,816,186","2,430,058","18,866","394,722","1,867,876","18,305","2,273,448","169,433","759,639","302,814","767,308","911,273","111,187","12,621","230,929","263,569","313,798","60,191","62,242","288,373","223,936","247,752","1,148,395","287,913","3,142,823","306,267","1,651,534","144,431","981,828","1,785,439","407,726","286,234","1,279,398","67,021","468,325","391,023","2,589,097","563,390","175,135","759,203","270,720","5,326,202","2,373,319","2,713,145","1,018,206","3,917,218","2,029,886","206,039","2,556,240","66,337","156,296","2,552,819","10,409,745","137,539","306,066","219,542","8,631","587,195","87,128","28,396","408,517","2,233,836","56,557","2,378,432","72,221","340,810","209,906","298,347","221,720","27,058","328,555","159,166","3,808","13,582","53,564","4,605,141","611,506","524,040","933,309","385,027","90,597","1,031,233","222,061","120,136","768,597","288,403","690,789","43,478","267,580","99,338,355","986,181","1,731,671","2,079,838","2,508,091","2,950,546","3,438,032","4,340,957","5,650,911","6,980,033","12,544,717","203,506","389,667","386,009","494,554","589,625","703,647","841,357","1,045,513","1,342,155","2,212,592","51,419,600","10,085","63,812","8,617,118","9,061,980","11,721,238","3,180,872","60,632,229","159,970,584",,,,,,,,,,,,,,,,,,,,,,,,,,,,,,,,,,,,,,,,,,,,,,,,,,,
عمده فروشی و خرده فروشی,49,"29,577,698","41,821,202","32,872","4,801,405","3,647,040","50,446","1,649,796","605,316","18,024,538","8,295,368","19,413,396","20,206,751","2,874,691","249,752","5,498,425","2,505,598","3,601,955","1,645,916","1,383,028","6,427,606","5,621,808","2,296,275","5,742,916","7,840,100","58,849,754","7,542,655","23,182,216","3,324,668","18,230,381","39,321,581","8,568,367","1,342,512","23,038,589","1,739,916","12,584,900","9,014,211","44,407,351","2,416,979","4,559,838","2,788,974","929,390","2,378,435","1,524,635","1,232,039","632,803","86,220,016","47,633,542","3,606,907","47,595,532","159,887","331,401","7,417,433","29,226,006","124,846","2,013,026","1,665,381","25,336","711,193","103,372","493,374","9,302,932","2,175,040","264,471","2,774,419","139,438","200,905","769,020","1,093,033","3,826,124","128,331","973,940","1,241,315","29,761","84,995","334,338","5,740,523","1,312,439","13,031,537","400,816","1,786,743","571,731","2,360,868","895,805","476,634","7,257,331","4,164,511","1,332,398","340,922","2,145,871","753,907,534","24,188,490","39,157,317","44,025,335","49,189,387","57,627,537","65,909,246","76,049,102","94,072,596","116,583,322","182,813,232","4,201,721","7,655,549","7,638,209","9,324,732","10,918,830","12,647,312","14,539,321","17,122,086","21,458,753","34,076,508","889,198,584","286,233","36,651","151,724,572","175,319,216","11,242,694","5,716,756","1,211,039,318","1,964,946,852",,,,,,,,,,,,,,,,,,,,,,,,,,,,,,,,,,,,,,,,,,,,,,,,,,,
حمل و نقل ریلی مسافر,50,"58,800","43,226",84,"4,286","9,485",131,"52,517","1,998","17,643","10,879","23,791","25,824","4,323",256,"5,286","3,295","5,002","1,076",834,"10,130","7,001","4,001","7,861","3,200","123,205","5,675","19,319","5,242","43,530","57,242","29,112","2,361","55,709","1,649","18,400","18,250","81,811","4,783","13,194","5,419","2,522","14,057","6,458","6,908","2,830","167,708","109,620","5,371","172,536","8,426","125,344","8,840","36,148",418,"6,574","3,751",170,"9,803",933,393,"9,207","29,687",790,"85,301","7,113","3,936","1,781","2,532","7,101",933,"1,332","3,613",63,524,"439,192","189,816","6,412","8,109","2,368","3,227","1,166","5,107","23,758","1,402","9,652","3,015","33,632","1,227","6,212","2,362,846","88,362","199,165","265,708","357,542","223,059","436,496","106,992","462,294","842,049","678,515","1,986","2,771","4,482","9,034","4,559","4,421","4,576","29,282","9,486","42,530","3,773,309",55,142,"135,075","746,195","704,757",0,"3,950,020","6,312,866",,,,,,,,,,,,,,,,,,,,,,,,,,,,,,,,,,,,,,,,,,,,,,,,,,,
حمل و نقل ریلی بار,51,"566,632","949,172","1,173","92,461","137,761","2,509","1,137,263","45,347","352,607","252,046","288,719","518,357","98,808","5,693","95,378","64,748","112,106","21,775","17,806","221,463","161,404","76,028","120,587","74,037","2,800,973","128,892","399,665","119,687","909,249","1,284,250","682,965","51,406","1,102,338","37,683","410,234","398,903","1,432,490","83,614","171,052","105,268","29,029","89,459","40,568","40,316","24,550","3,820,819","2,006,538","100,575","3,731,495","171,407","2,473,551","95,250","383,954","3,687","118,170","62,346","3,097","156,811","15,591","8,323","194,954","488,963","13,577","134,744","7,341","11,031","32,720","46,506","160,790","15,390","7,818","65,864","1,214","9,113","191,574","589,000","131,574","186,817","11,972","55,835","20,918","73,499","68,830","20,851","122,739","62,864","42,552","20,907","115,993","31,814,035","191,718","356,705","418,644","482,803","469,715","618,226","549,735","841,191","1,172,529","1,922,000","24,027","49,006","49,539","62,393","69,561","80,773","92,433","118,524","138,214","263,430","7,971,167","1,276",414,"3,011,113","4,573,616","747,905",0,"14,809,680","46,623,715",,,,,,,,,,,,,,,,,,,,,,,,,,,,,,,,,,,,,,,,,,,,,,,,,,,
حمل و نقل جاده ای مسافر,52,"2,630,024","356,490","58,094","401,852","632,651","1,264","72,764","2,808","70,461","3,822","283,697","92,104","15,453",66,"17,600","16,695","21,650","7,425","2,665","66,017","85,265","20,976","90,654","5,492","157,913","23,538","128,330","30,684","152,050","58,304","64,527","6,088","249,820","3,169","26,388","18,239","73,213","5,242","31,766","2,758",981,"36,997","912,603","171,862","19,755","2,720,758","4,212,633","851,946","21,279,521","3,688","158,792","2,752,705","76,087","101,117","106,112","1,050,528","32,158","1,222,709","3,058","1,765","21,132","1,310,905","910,185","914,479","154,630","191,940",107,152,146,"23,113","294,135","1,288,207","12,209","78,748","5,030,605","15,240,822","154,717","1,003,780","567,525","113,497","4,607,505","1,280,526","2,541,335","189,200","1,292,798","212,032","1,714,290","150,206","8,831,803","89,834,523","7,451,778","10,915,802","11,685,719","13,385,550","14,251,993","16,288,334","18,093,327","20,938,125","23,778,297","37,635,988","918,110","1,628,652","1,753,160","2,070,414","2,288,762","2,599,589","2,863,898","2,892,747","3,361,047","3,890,721","198,692,013","117,515",29,"3,227","1,123,680","2,774,997",0,"197,161,466","286,995,988",,,,,,,,,,,,,,,,,,,,,,,,,,,,,,,,,,,,,,,,,,,,,,,,,,,
حمل و نقل جاده ای بار,53,"24,547,183","25,463,405","42,032","2,573,251","11,714,542","70,151","5,025,005","1,194,059","9,782,164","5,314,011","8,160,579","13,930,470","2,957,767","168,950","2,453,273","1,696,333","2,932,976","607,915","486,253","6,158,467","4,444,396","2,059,028","1,811,607","1,729,716","22,405,977","2,915,785","10,449,605","3,421,249","22,655,896","37,427,850","7,911,721","1,400,292","21,417,073","1,055,028","10,549,905","11,040,184","38,303,188","2,094,531","4,569,667","2,773,276","677,949","567,101","2,243,733","674,911","470,832","107,211,193","56,971,490","1,338,885","30,381,478","553,556","6,917,901","2,111,244","13,293,646","433,339","3,603,086","2,190,639","133,140","5,671,943","239,760","221,051","5,360,097","943,705","358,839","2,133,312","91,251","116,020","837,185","1,189,918","4,253,264","86,087","151,553","1,119,667","21,273","154,504","294,916","5,255,164","724,220","2,834,014","147,985","1,389,528","499,149","1,647,382","722,980","208,065","3,259,837","1,607,187","727,565","217,850","2,551,656","610,525,806","3,876,653","6,963,005","7,729,548","8,748,884","9,431,723","11,420,009","12,910,974","15,989,839","20,977,371","41,648,731","616,094","1,277,487","1,266,638","1,565,571","1,798,506","2,095,531","2,429,297","2,835,286","3,542,899","6,460,161","163,584,208","33,916",519,"79,473,497","155,949,887","16,708,336",0,"382,333,690","992,859,496",,,,,,,,,,,,,,,,,,,,,,,,,,,,,,,,,,,,,,,,,,,,,,,,,,,
حمل و نقل از طریق خطوط لوله,54,356,191,2,28,194,0,4,6,14,1,10,21,3,1,6,3,24,3,3,7,6,8,"6,903,931",4,"33,436",4,25,4,48,14,5,2,36,2,15,12,17,4,14,4,2,49,84,15,6,472,260,487,"4,846,823",0,2,6,5,3,3,14,0,136,5,8,60,"4,607",128,742,186,44,0,0,0,97,14,228,5,28,96,"1,115",1,90,48,299,36,81,67,32,"1,380",43,55,116,417,"11,796,865",680,"1,116","1,218","1,449","1,647","1,924","2,157","2,623","2,927","4,205",99,193,193,232,271,313,367,427,488,655,"23,184",0,0,0,"1,046,928",687,0,"1,069,424","12,866,289",,,,,,,,,,,,,,,,,,,,,,,,,,,,,,,,,,,,,,,,,,,,,,,,,,,
حمل و نقل آبی,55,"218,176","590,164",643,"81,810","30,812,761",887,"24,420","9,870","236,777","131,620","193,141","334,249","64,621","3,924","63,571","43,496","67,685","15,801","12,979","144,301","105,344","48,731","57,124","52,270","314,438","103,589","255,453","78,693","484,715","842,195","174,089","31,609","499,878","25,789","261,079","259,053","876,286","51,308","106,438","65,190","15,352","16,634","15,254","16,457","12,061","2,518,012","1,278,742","45,498","627,731","21,451","280,737","68,834","302,996","1,847","2,707,092","103,935","2,325","304,798","5,138","5,580","128,120","19,928","12,503","38,399","2,329","3,041","20,593","29,270","103,572","2,145","5,314","30,804",554,"5,246","6,684","1,112,297","139,701","55,491","3,984","35,823","11,459","49,851","28,836","6,572","87,787","44,138","21,588","6,425","80,769","48,187,869","137,200","229,571","258,708","286,605","330,669","386,670","439,898","551,756","711,231","1,327,110","22,127","43,731","44,767","53,879","61,813","71,814","82,238","97,108","123,572","211,495","5,471,963","1,325","71,816","2,082,761","48,784,144","33,555,016",0,"22,856,993","71,044,862",,,,,,,,,,,,,,,,,,,,,,,,,,,,,,,,,,,,,,,,,,,,,,,,,,,
حمل و نقل هوایی,56,"213,238","389,090",569,"50,123","1,654,473",590,"19,721","6,430","140,963","77,394","137,811","206,673","43,521","2,340","42,316","25,804","42,771","8,684","6,974","90,397","66,703","31,249","94,804","26,721","102,796","42,674","161,312","49,707","315,490","520,828","106,103","21,396","320,473","28,712","163,849","166,273","533,250","32,639","65,345","41,940","9,906","43,711","312,013","17,526","11,127","1,972,206","1,083,535","81,673","1,353,917","61,680","840,636","87,593","399,533","19,144","387,991","1,035,053","6,288","632,731","13,854","6,096","114,415","26,098","35,087","123,772","21,980","20,855","13,173","18,723","65,703","1,492","6,798","47,370",473,"12,249","12,546,116","7,894,248","403,259","66,640","31,970","242,411","8,422","91,852","90,142","3,873","127,184","29,165","347,373","6,845","153,232","36,979,281","65,092","114,918","1,074,668","148,635","695,579","651,710","295,106","434,764","17,081,272","42,907,325","9,716","20,117","20,157","24,968","28,929","33,899","38,937","63,370","85,419","1,754,659","65,549,239",901,97,"1,232,567","46,995,914","77,134,969",0,"36,643,750","73,623,031",,,,,,,,,,,,,,,,,,,,,,,,,,,,,,,,,,,,,,,,,,,,,,,,,,,
انبارداری و ذخیره سازی,57,"43,815","142,572",376,"14,852","21,410",193,"5,595","1,990","46,018","26,206","35,602","67,192","15,395",790,"12,750","8,667","15,596","2,882","2,398","30,685","21,808","10,862","27,350","8,541","36,282","14,564","51,423","16,909","101,950","174,447","35,906","7,420","103,697","5,240","51,680","54,304","180,547","10,781","22,990","14,152","3,228","6,786","6,515","5,729","3,751","662,737","294,421","49,162","774,814","30,470","415,513","33,858","167,159",635,"188,399","121,975","3,232","311,958","7,066","1,529","53,005","9,308","15,836","14,787","1,659","1,776","4,354","6,189","22,158","3,818",916,"30,871",332,"7,084","48,448","125,985","10,908","7,272","1,165","9,670","4,360","36,778","9,764","4,529","24,022","11,378","5,252","5,696","81,428","5,093,527","19,815","36,074","39,500","44,077","50,443","59,795","69,784","87,715","115,439","233,736","3,194","6,616","6,591","8,101","9,396","10,968","12,438","14,795","18,781","34,657","881,915",255,0,"413,976","886,209","859,100",0,"1,323,255","6,416,781",,,,,,,,,,,,,,,,,,,,,,,,,,,,,,,,,,,,,,,,,,,,,,,,,,,
 فعالیت های پشتیبانی حمل و نقل,58,"2,992,302","3,053,747","5,171","319,408","4,306,237","10,986","406,387","204,955","993,796","552,546","792,565","1,495,954","324,778","18,127","270,809","191,767","351,028","61,693","52,583","665,105","468,554","243,519","537,194","211,130","1,250,727","316,326","1,110,380","358,556","2,409,994","3,823,774","889,623","162,881","2,276,108","111,897","1,099,081","1,157,009","3,907,749","261,355","504,251","298,452","88,524","549,847","338,691","228,452","122,601","13,646,961","6,439,031","1,152,667","16,945,887","630,690","7,127,258","749,542","3,479,917","24,294","3,574,358","2,098,870","65,085","5,377,179","153,287","37,150","1,219,211","1,404,097","303,082","668,251","44,946","78,158","99,170","140,954","574,324","160,862","40,713","747,260","8,577","155,415","604,693","3,156,372","424,683","196,210","70,037","273,528","137,742","720,936","247,744","182,249","505,807","261,206","148,402","196,275","1,670,082","115,739,780","463,757","829,038","956,512","1,034,948","1,189,467","1,397,775","1,590,165","2,013,102","3,241,760","6,864,223","74,776","152,609","152,491","187,571","217,039","254,607","292,048","345,964","439,725","865,182","22,562,760","4,110","85,318","11,148,465","24,639,792","20,657,042",0,"37,783,403","153,523,183",,,,,,,,,,,,,,,,,,,,,,,,,,,,,,,,,,,,,,,,,,,,,,,,,,,
فعالیت های پست و پیک,59,"197,578","158,860","3,293","6,194","144,245",493,"215,152","8,307","7,653","1,736","10,768","11,888","3,856","8,734","5,028","3,253","12,998","1,928",801,"2,607","6,920","8,265","1,083","12,668","326,211","7,770","7,658","12,148","23,933","41,479","8,286","2,702","143,346","51,932","65,487","123,902","110,782","21,622","5,198","1,769","1,291","19,518","221,733","11,461","1,065","54,177","157,761","134,263","1,488,286",235,622,"19,612","4,605","1,871","2,636,972","3,151",540,"165,650","1,128,518","3,039","30,340","438,656","28,828","206,340","57,052","72,127",60,86,254,"20,605","8,111","185,823","6,885","10,268","38,619","5,420,844","44,812","162,955","163,133","59,817","138,022","35,100","44,959","45,465","230,069","93,128","38,644","67,122","324,403","15,815,430","91,923","155,941","182,407","196,482","234,945","241,107","266,978","321,978","421,954","545,319","13,097","27,356","29,357","42,085","39,507","53,347","60,950","81,285","91,429","185,437","3,282,881",49,0,"11,140","153,893","153,186",0,"3,294,778","19,110,208",,,,,,,,,,,,,,,,,,,,,,,,,,,,,,,,,,,,,,,,,,,,,,,,,,,
فعالیت های خدماتی مربوط به تامین جا  (هتل ),60,"71,060","110,710","94,902","19,491","1,559,955","4,229","181,057","6,072","12,783","21,736","54,458","17,741","6,212",691,"3,161","1,585","1,233",552,317,"2,662","9,357","1,653","6,695","1,557","462,847","70,130","62,925","1,538","24,013","75,288","1,902","1,192","28,514","12,681","102,010","56,338","65,549","31,002","3,366","9,478","8,991","231,729","138,569","399,972","1,810","1,407,233","1,316,046","65,301","332,167","2,239","37,551","127,771","15,108","92,787","67,745","259,592",897,"34,162",741,"6,426","46,199","665,239","20,441","265,488","100,453","67,485",226,321,"5,628","1,654","28,239","671,122","20,258","1,593","17,051,812","3,632,891","1,116","3,856","135,940","11,450","195,855","1,199,195","309,237","3,518","780,660","29,344","153,494","116,895","607,212","33,872,302","72,973","141,673","304,870","356,882","368,195","479,128","1,484,637","1,619,606","2,040,558","5,036,324","3,603","7,843","9,335","14,808","33,400","31,326","30,778","30,764","65,461","185,384","12,317,550","33,559","48,738","132,947","14,321,729","32,959,854",24,"-6,105,308","27,766,994",,,,,,,,,,,,,,,,,,,,,,,,,,,,,,,,,,,,,,,,,,,,,,,,,,,
فعالیت های خدماتی مربوط به غذا و آشامیدنی  (رستوران ),61,"4,076,539","358,275","60,210","181,198","4,854,758","12,149","480,384","219,733","88,216","28,224","201,369","186,638","23,086","6,179","29,763","30,507","70,340","5,634","5,447","46,426","115,877","37,737","124,757","64,929","614,816","95,603","426,108","15,266","410,897","412,184","199,609","92,255","312,030","28,465","95,735","189,763","570,551","73,828","32,423","273,410","54,649","1,059,403","643,910","577,074","167,454","3,150,067","2,090,375","270,305","1,593,995","157,912","256,387","506,080","940,377","246,819","274,502","2,658,072","13,228","390,981","11,935","63,823","1,074,278","2,715,890","173,093","630,702","65,684","370,506","18,801","26,722","98,608","8,441","242,981","452,076","13,982","30,031","2,436,869","10,760,436","300,495","91,003","184,682","158,776","212,341","903,025","533,405","38,174","4,603,801","280,624","400,015","487,238","742,112","58,333,454","2,429,447","3,547,901","4,869,425","6,186,702","8,325,232","8,202,007","12,560,539","14,758,112","20,659,025","66,467,688","197,687","354,600","374,422","489,696","590,596","700,228","862,563","912,880","1,258,213","2,602,367","156,349,329","109,938","7,495","2,612,807","44,312,372","69,930,132","528,407","133,990,215","192,323,669",,,,,,,,,,,,,,,,,,,,,,,,,,,,,,,,,,,,,,,,,,,,,,,,,,,
مخابرات,62,"2,552,756","1,304,997","16,735","182,505","1,326,587","2,206","115,829","40,115","98,791","11,617","76,294","148,426","20,504","7,510","39,885","23,238","162,593","17,413","17,876","47,735","40,787","56,955","22,388","29,559","508,792","34,539","169,888","30,031","325,491","118,032","35,938","16,801","287,182","30,571","120,820","119,278","164,853","41,250","93,404","26,738","13,155","376,127","635,539","130,914","46,809","3,102,373","1,752,475","3,199,997","27,883,821","2,546","16,499","74,791","140,876","22,946","775,742","94,255","2,014","931,034","358,976","52,558","422,689","29,721,177","833,653","4,864,437","1,212,120","309,889","2,127","3,023","1,662","642,377","98,967","1,553,201","33,856","188,855","875,340","8,797,446","29,085","629,195","363,108","1,940,646","275,925","556,013","453,150","229,568","8,930,316","309,666","372,307","778,435","2,805,422","115,334,009","4,401,068","7,221,520","7,889,578","9,378,850","10,660,650","12,446,494","13,963,563","16,982,314","18,978,086","27,299,672","639,545","1,248,517","1,248,308","1,504,025","1,752,706","2,028,623","2,376,976","2,768,289","3,167,633","4,276,610","150,233,026",511,648,"66,032","4,114,191","4,939,557",0,"149,474,851","264,808,859",,,,,,,,,,,,,,,,,,,,,,,,,,,,,,,,,,,,,,,,,,,,,,,,,,,
سایر فعالیت های اطلاعات و ارتباطات,63,"1,226,976","101,685","21,710","13,041","225,988","1,270","167,719","12,432","281,283","48,948","153,462","253,669","102,609",706,"15,379","71,922","134,301","12,836","13,796","38,526","92,733","26,603","75,790","9,731","1,149,171","315,470","225,921","18,492","182,177","128,368","25,695","10,034","243,322","35,512","182,782","90,719","649,877","94,846","79,180","36,757","24,006","586,673","186,647","286,000","80,089","237,605","63,883","109,149","794,445","7,067","13,199","162,582","646,042","12,415","26,024","47,860","1,333","85,699","7,379","20,749","96,506","1,098,309","4,912,551","2,004,448","176,211","69,901","12,540","17,823","5,576","14,071","26,525","338,784","6,510","25,917","170,069","1,772,536","214,549","18,013","69,847","54,566","118,477","633,983","596,248","116,735","109,982","29,782","96,496","120,372","110,216","23,007,826","52,369","91,542","108,677","139,034","162,284","190,487","240,242","324,365","395,883","727,538","10,517","19,453","18,760","24,228","28,944","34,790","42,398","52,766","65,639","100,024","2,829,941","1,788","21,104,727","210,861","941,416","2,454,472",0,"22,634,260","45,642,086",,,,,,,,,,,,,,,,,,,,,,,,,,,,,,,,,,,,,,,,,,,,,,,,,,,
"فعالیت های خدمات مالی، بجز تامین وجوه بیمه و بازنشستگی",64,"16,755,479","9,750,796","98,690","1,375,373","14,474,128","69,929","1,367,501","372,730","2,051,956","2,201,775","3,195,192","3,270,698","495,374","74,657","928,448","418,319","258,491","151,395","139,706","415,979","910,692","390,715","11,021,643","1,079,422","13,228,391","1,575,084","3,837,847","685,041","3,855,774","6,812,171","1,537,462","193,068","2,992,921","308,122","2,149,957","1,890,578","8,495,318","722,399","283,668","343,223","259,658","3,614,192","6,537,209","600,934","121,936","21,283,553","16,456,802","1,915,964","37,906,921","103,980","779,411","5,159,133","17,453,417","305,608","1,306,461","1,418,945","117,016","2,767,393","315,847","560,680","3,568,773","4,417,498","365,793","98,171,237","815,620","11,063,755","19,208,302","8,446,977","3,205,195","650,552","1,456,075","2,647,818","80,145","147,001","598,418","13,050,832","2,866,200","9,412,937","1,858,646","3,526,818","904,036","4,616,018","1,239,437","653,742","4,591,024","5,884,626","1,286,683","1,415,714","2,163,380","447,478,424","1,097,539","844,069","1,396,447","1,561,463","2,240,243","2,552,296","3,643,410","4,866,960","7,027,750","6,808,285","31,200","38,567","53,973","65,970","82,890","130,617","136,878","165,240","226,766","516,118","33,486,681",183,9,"117,371","3,873,804","12,536,138",0,"24,941,911","472,420,335",,,,,,,,,,,,,,,,,,,,,,,,,,,,,,,,,,,,,,,,,,,,,,,,,,,
"بیمه، بیمه اتکایی و تامین وجوه بازنشستگی بجز تامین اجتماعی اجباري",65,"299,821","112,341","7,429","30,743","19,130","7,471","25,668","29,038","9,582","2,597","13,226","13,563","1,645","2,033","7,066","4,477","6,738","1,166","1,048","5,978","4,257","2,574","7,691","2,322","871,240","4,166","13,176","2,057","28,512","13,470","57,793","2,023","17,720","28,351","9,596","33,918","30,643","2,112","5,357","1,897","21,380","29,829","76,230","7,759","3,022","1,135,188","3,874,524","20,561","594,824","1,173","6,261","258,379","544,286","9,667","104,411","80,385","1,391","33,267","3,021","9,060","11,108","19,287","2,644","263,906","23,141,696","12,759","15,215","5,452","49,068","6,038","7,981","11,082",442,495,"110,914","55,388",929,"5,432","8,419","3,272","9,512","21,673","18,451","5,248","23,634","30,444","6,554","20,580","11,378","32,433,257","100,233","343,114","508,957","632,130","851,632","971,365","1,371,569","1,524,645","2,068,404","2,694,546","15,538","44,568","62,903","99,288","153,615","226,530","307,108","369,119","515,855","681,437","13,542,557",327,"13,263","29,180","2,553,646","1,498,785",0,"14,640,188","47,073,445",,,,,,,,,,,,,,,,,,,,,,,,,,,,,,,,,,,,,,,,,,,,,,,,,,,
فعالیت های جنبی خدمات مالی و فعالیت های بیمه,66,"1,603,205","930,579","9,238","130,341","1,363,592","6,544","129,172","34,916","192,952","205,887","300,149","307,014","47,279","7,085","86,556","39,230","31,184","14,166","13,360","39,150","85,157","37,644","1,033,225","101,080","1,245,208","148,692","359,609","63,778","358,997","630,810","141,837","18,080","282,668","29,143","202,203","178,162","795,546","68,183","32,275","32,511","24,854","334,874","623,249","56,385","11,398","2,041,575","1,556,095","262,310","4,478,536","11,778","74,717","484,499","1,635,505","29,321","122,708","133,328","12,085","267,142","37,272","54,162","395,301","435,318","45,665","9,256,335","79,493","1,045,333","1,799,272","789,583","298,810","85,329","138,065","312,332","8,423","23,256","76,340","1,240,997","270,842","880,705","176,316","342,862","94,735","440,779","126,580","87,914","427,469","559,633","121,725","159,675","273,618","43,580,904","99,571","74,410","125,908","140,936","203,916","232,734","333,482","449,060","652,662","672,374","2,503","2,844","4,265","5,247","6,698","11,022","11,471","14,005","19,459","50,115","3,112,680",0,"2,340","4,380","370,300","1,188,817",0,"2,300,883","45,881,787",,,,,,,,,,,,,,,,,,,,,,,,,,,,,,,,,,,,,,,,,,,,,,,,,,,
خدمات واحدهاي مسكوني شخصي,67,0,0,0,0,0,0,0,0,0,0,0,0,0,0,0,0,0,0,0,0,0,0,0,0,0,0,0,0,0,0,0,0,0,0,0,0,0,0,0,0,0,0,0,0,0,0,0,0,0,0,0,0,0,0,0,0,0,0,0,0,0,0,0,0,0,0,0,0,0,0,0,0,0,0,0,0,0,0,0,0,0,0,0,0,0,0,0,0,0,0,"46,181,209","63,179,840","67,777,142","77,670,789","89,805,973","102,505,661","125,039,476","145,047,612","200,365,211","389,780,448","6,358,913","8,374,257","7,283,428","8,046,786","9,291,380","10,115,687","11,584,662","12,768,884","14,435,591","16,926,039","1,412,538,988",0,0,0,0,0,0,"1,412,538,988","1,412,538,988",,,,,,,,,,,,,,,,,,,,,,,,,,,,,,,,,,,,,,,,,,,,,,,,,,,
خدمات واحدهاي مسكوني اجاري,68,0,0,0,0,0,0,0,0,0,0,0,0,0,0,0,0,0,0,0,0,0,0,0,0,0,0,0,0,0,0,0,0,0,0,0,0,0,0,0,0,0,0,0,0,0,0,0,0,0,0,0,0,0,0,0,0,0,0,0,0,0,0,0,0,0,0,0,0,0,0,0,0,0,0,0,0,0,0,0,0,0,0,0,0,0,0,0,0,0,0,"23,206,361","33,495,682","31,907,323","41,576,724","43,547,418","40,126,850","45,336,625","55,043,243","65,776,327","85,595,888","151,968","274,038","344,510","511,459","521,720","537,665","667,136","704,224","616,648","585,732","470,527,541",0,0,0,0,0,0,"470,527,541","470,527,541",,,,,,,,,,,,,,,,,,,,,,,,,,,,,,,,,,,,,,,,,,,,,,,,,,,
خدمات واحدهاي غير مسكوني,69,"5,093,396","2,928,765",511,"275,851","665,701","2,386","220,546","22,950","277,704","18,771","314,297","291,429","141,410","14,289","76,309","39,185","1,018,673","12,305","57,879","121,438","70,247","174,319","9,899","19,306","1,855,566","149,639","314,945","18,868","356,600","47,764","94,111","25,493","437,448","48,382","193,561","195,859","242,050","83,050","850,468","64,636","77,527","76,708","1,589,269","32,422","2,653","1,535,151","1,870,052","11,843,813","132,656,443","101,088","45,326","19,896","108,165","30,750","10,527","25,793","182,238","1,121,609","1,073,920","252,549","8,814,051","3,331,063","721,516","7,049,140","351,778","1,190,950",0,0,0,"3,641,738","87,345","9,089,256","129,754","1,351,373","2,874,662","2,035,462","205,159",0,"100,062","1,552,278","1,381,113","622,846","1,431,336","3,764,879","53,668","1,215,294","79,841","3,860,892","10,064,665","234,502,023",0,0,0,0,"53,858","2,376",0,0,"53,837","6,026,100",0,0,0,0,0,0,0,0,0,"575,761","6,711,931",0,0,0,0,0,0,"6,711,931","241,213,955",,,,,,,,,,,,,,,,,,,,,,,,,,,,,,,,,,,,,,,,,,,,,,,,,,,
خدمات دلالان املاك و مستغلات,70,"20,826","5,143",14,506,"2,496",16,"2,192",151,"2,932",34,"5,056","4,986",175,19,594,567,"42,631",19,74,359,95,317,"2,914","5,010","16,263",249,512,52,866,187,137,134,"19,360","1,742",807,"4,898","17,703",486,984,96,269,"4,461","3,462","2,956",679,"62,603","50,046","423,511","4,745,232",243,254,"1,831","7,095",229,265,205,236,"3,462","1,455",345,"315,458","120,850","1,563","49,254","14,097","1,760",135,"7,000,340","4,822,553","4,705,195",465,"10,099",146,"1,479","3,185","16,864","273,504",673,"1,483","3,255","2,069","1,904","2,237","134,688","1,650","43,657",672,"4,249","11,978","23,015,901","230,668","358,434","359,780","435,084","708,433","376,764","532,380","819,838","882,008","2,037,788",579,956,614,"1,327","1,008","1,529","1,715","4,879","2,176","4,296","6,760,257",0,233,"832,118","3,692","5,138",0,"7,591,163","30,607,063",,,,,,,,,,,,,,,,,,,,,,,,,,,,,,,,,,,,,,,,,,,,,,,,,,,
تحقیق و توسعه علمی,71,"44,451","18,102","5,864","2,359","133,793",378,"27,463","11,052","31,332","5,521","45,262","56,964","6,295","5,744","6,430","1,323","4,875",988,"1,052","12,648","73,062","96,347","21,573","10,678","130,513","58,799","14,823","11,328","80,189","20,622","4,366","1,394","29,821","2,428","19,250","15,309","33,117","6,624","3,228","5,366","1,701","123,786","21,007","30,273","1,626","748,818","144,742","18,828","189,010","21,209","28,166","24,958","4,930","15,636","14,123","29,504",541,"19,264","2,802","2,341","13,873","104,853","104,104","298,923","23,651","28,568","1,525","2,168","2,019","4,305","1,170,791","74,042","2,011","1,588","835,295","2,533,010","36,995","507,389","52,040","225,324","79,943","2,463,001","33,540","57,257","1,282,764","18,551","30,232","42,508","105,673","12,639,944","25,187","52,437","70,292","107,086","135,084","180,571","255,339","467,567","766,341","1,334,873","1,279","2,728","3,255","4,233","6,563","7,829","9,093","13,761","17,451","33,000","3,493,969","1,465","58,532","36,857,576","1,048,526","2,322,701","199,204","39,336,570","51,976,514",,,,,,,,,,,,,,,,,,,,,,,,,,,,,,,,,,,,,,,,,,,,,,,,,,,
فعالیت های حقوقی و مهندسی  ,72,"980,410","363,839","78,834","52,566","2,500,465","3,625","354,965","122,687","1,213,987","244,277","791,105","1,278,673","503,645","8,762","128,793","262,703","588,516","79,930","62,560","258,388","426,070","108,511","740,152","462,318","5,867,800","1,595,786","1,195,717","157,580","1,165,308","823,211","200,145","69,336","1,696,300","173,516","981,873","646,731","2,999,363","380,859","404,366","192,139","66,641","4,050,223","289,392","725,466","87,876","28,973,983","3,493,621","726,075","5,551,427","867,928","1,143,350","825,242","343,020","405,558","362,202","429,423","9,097","770,619","109,967","122,281","500,784","5,508,400","4,281,129","14,735,419","1,164,948","570,130","3,561","5,062","53,709","125,260","775,982","2,139,318","35,525","117,149","716,622","10,888,734","1,697,514","38,694","1,014,540","2,598,620","687,202","3,092,839","915,640","546,989","143,864","447,146","803,451","566,927","973,438","134,667,794","253,641","457,214","591,867","827,762","789,067","1,245,271","980,200","2,695,285","4,446,964","7,280,744","10,853","21,097","17,058","27,741","33,867","47,039","68,330","127,624","142,841","433,571","20,498,036","6,357","1,490,447","3,866,370","19,344,692","14,931,029","65,481","30,340,355","165,008,148",,,,,,,,,,,,,,,,,,,,,,,,,,,,,,,,,,,,,,,,,,,,,,,,,,,
فعالیت دامپزشکی,73,"4,224","1,557,307",4,"54,300",547,7,292,80,"2,212","1,021","2,366","2,494",359,31,672,314,417,200,168,802,692,287,725,947,"7,193",919,"2,694",415,"2,293","4,828","1,053",133,"2,850",214,"1,554","1,131","5,535",314,568,222,122,446,262,214,86,"10,720","5,846",417,"5,639",17,39,970,"3,866",19,249,203,3,97,13,59,"1,119",305,21,353,17,32,101,144,393,12,124,126,3,8,33,776,527,"1,577",74,203,64,301,106,55,886,500,163,34,227,"1,699,956","2,929","13,108","106,938","9,670","43,538","14,467","9,189","11,369","27,278","23,375",870,928,"3,161","1,244","1,686","8,033","5,144","3,504","11,486","16,289","314,207",35,"729,754","16,673","21,619",290,0,"1,081,998","2,781,953",,,,,,,,,,,,,,,,,,,,,,,,,,,,,,,,,,,,,,,,,,,,,,,,,,,
فعالیت اجاره داری,74,"2,102,385","67,784","2,905","3,767","11,042","15,097","290,714","373,636","20,516","8,188","43,505","170,130","4,651",158,"7,814","5,276","2,503","1,292",953,"44,354","22,489","18,843","4,949","84,321","288,282","16,571","60,314","5,665","547,279","308,370","313,762","16,812","157,753","1,852","24,585","22,458","89,840","36,677","3,473","3,606","20,753","493,076","2,375","27,065","23,532","662,954","399,845","2,684","33,971","297,637","358,744","88,315","22,760",774,"231,341","32,525","10,670","123,154",135,336,"6,379","2,600,604","14,410","179,061","4,797",537,560,796,"2,186",199,"1,569","1,310",31,103,"5,055","979,475","455,915","20,238","3,743","1,206","18,334","125,375","57,745",455,"17,791","4,711","3,668",577,"1,971","12,546,019","17,433","25,901","68,153","49,004","47,350","52,035","86,994","115,422","255,304","361,041","3,034","5,198","6,579","6,785","8,897","11,907","15,088","14,011","28,111","63,809","1,242,055",237,38,"89,758","312,241","1,802,711",0,"-158,381","12,387,639",,,,,,,,,,,,,,,,,,,,,,,,,,,,,,,,,,,,,,,,,,,,,,,,,,,
سایر فعالیت های پشتیبانی,75,"16,064,795","876,648","22,667","117,027","1,717,966","14,125","2,015,416","103,483","117,003","12,292","82,131","172,507","9,542","3,528","34,801","160,265","32,907","2,121","11,698","52,381","7,881","139,490","868,783","8,597","982,640","45,696","109,977","25,258","237,935","128,906","28,380","47,508","384,493","6,646","33,056","68,944","942,154","437,700","11,934","8,016","214,768","4,784,758","2,105,761","2,389,606","809,992","1,023,278","379,559","7,555","220,589","33,430","91,727","2,103,091","8,580,643","126,356","194,627","150,952","4,700","485,737","71,322","5,979","7,522","1,794,199","58,833","2,011,193","68,037","306,968","167,085","237,483","65,525","7,942","270,973","61,998","1,826",110,"1,419,235","4,144,221","433,908","60,318","853,528","261,535","54,306","926,988","162,907","76,906","470,705","93,540","526,788","10,354","73,289","64,559,946","175,963","363,737","502,352","715,910","847,075","996,354","1,514,694","2,106,471","2,538,700","5,292,989","64,927","114,498","104,743","146,483","180,957","224,757","277,046","368,711","474,101","745,232","17,755,698","2,651","66,684","2,242,977","3,236,703","7,328,210",0,"15,976,504","80,536,450",,,,,,,,,,,,,,,,,,,,,,,,,,,,,,,,,,,,,,,,,,,,,,,,,,,
اداره امور عمومی,76,"81,008","657,427","2,038","210,130","51,037",190,"14,980",956,"1,557",111,"2,352","2,612","1,438","21,071","8,813",835,236,45,65,314,420,833,"12,534","3,597","656,812",868,"1,467","2,627","6,350","34,676","39,590","1,448","16,299","52,934","3,801","165,855","148,379","2,809",162,567,"1,456","25,779","11,890","45,629","3,957","29,988","8,089",860,"5,226",803,"2,746","12,146","52,382","17,106","1,497","118,602",67,"5,142",430,288,"3,473","13,641","3,506","215,367","250,905","7,688",792,"1,126",296,58,"508,377","1,554",41,85,"259,069","25,949,000","22,193","214,607","31,213","3,161",863,"1,005,079","12,523","5,797","605,774","769,829","112,583","1,566","2,353","32,555,845","318,683","475,475","700,037","690,865","886,517","1,151,248","1,313,630","1,629,391","2,372,254","4,197,204","28,367","56,564","61,685","85,508","114,556","128,643","172,477","196,100","290,789","617,016","15,487,009","1,249,249","847,088,522","15,758,571","3,550,261","11,495,906",0,"871,637,706","904,193,551",,,,,,,,,,,,,,,,,,,,,,,,,,,,,,,,,,,,,,,,,,,,,,,,,,,
خدمات شهري,77,0,0,325,"33,246",0,0,0,0,127,6,222,224,191,"3,747","1,496",1,0,1,0,0,5,20,247,576,"106,241",0,57,315,679,"2,955",0,161,"1,838","9,332",42,"27,860","24,722",0,0,52,43,25,26,"5,945",0,0,0,0,0,0,0,0,"2,054",0,0,"19,461",0,147,0,0,0,0,6,"2,332","44,560",297,0,0,0,0,"3,619",0,0,0,"46,077","4,465,602",0,"1,300","4,689",0,0,0,"1,620",620,52,0,"3,760",0,0,"4,816,922","27,615","32,030","53,363","47,418","59,941","73,051","72,339","78,006","103,016","101,952","2,016","4,584","4,173","6,136","7,132","7,079","9,262","9,932","14,332","27,203","740,580",0,"149,643,237",0,"603,460","1,960,718",0,"149,026,559","153,843,481",,,,,,,,,,,,,,,,,,,,,,,,,,,,,,,,,,,,,,,,,,,,,,,,,,,
دفاع و امنیت,78,"24,867","2,127","4,004","1,978","118,883",44,"1,947",320,421,20,"2,217",613,223,95,170,109,5,14,4,49,"1,538",42,357,24,"2,999","1,035","1,012",28,937,923,3,120,"2,214",398,704,"2,653","5,953",37,317,364,347,"5,539","7,479","4,408",621,"42,066","26,843","4,089","20,716",50,"1,101","542,454",170,"6,177","2,328","134,518",121,"52,218",25,"1,001","16,598","21,032","2,805","4,284",763,"6,137",0,0,0,0,"125,081","5,817",189,472,"1,787","19,996,253",0,"51,684","1,418","1,697","2,967","257,657","8,071",351,"212,574","4,342","5,446","8,569","10,964","21,778,996","128,568","80,263","73,987","95,230","135,794","189,249","222,837","334,367","377,807","1,229,836",772,"1,853","2,639","3,879","5,132","6,555","10,346","9,246","15,025","37,594","2,960,978","1,962","435,295,726","3,930,796","6,105,813","16,058,588",0,"432,236,688","454,015,684",,,,,,,,,,,,,,,,,,,,,,,,,,,,,,,,,,,,,,,,,,,,,,,,,,,
فعالیت های تامين اجتماعی اجباری,79,0,0,0,0,0,0,0,0,0,0,0,0,0,0,0,0,0,0,0,0,0,0,0,0,0,0,0,0,0,0,0,0,0,0,0,0,0,0,0,0,0,0,0,0,0,0,0,0,0,0,0,0,0,0,0,0,0,0,0,0,0,0,0,0,0,0,0,0,0,0,0,0,0,0,0,0,0,0,0,0,0,0,0,0,0,0,0,0,0,0,0,0,0,0,0,0,0,0,0,0,0,0,0,0,0,0,0,0,0,0,0,0,"107,852,000",0,0,0,0,"107,852,000","107,852,000",,,,,,,,,,,,,,,,,,,,,,,,,,,,,,,,,,,,,,,,,,,,,,,,,,,
"آموزش زير ديپلم (پيش دبستان، ابتدايي و متوسطه) دولتي",80,"26,300","2,177",789,"1,930","81,110",44,"2,163",324,423,20,"2,156",616,217,92,169,128,10,14,5,54,"1,489",60,465,24,"3,029","1,007",992,31,938,908,7,122,"2,194",385,684,"2,576","5,889",96,308,353,366,"6,021","7,530","4,594",713,"40,808","26,011","3,958","20,073",52,"1,077","4,120","1,358","3,995","2,279","46,963",117,"4,891",34,970,"16,064","20,594","2,719","4,416",747,"5,981",23,33,9,1,"3,794","5,630",183,457,"1,730","168,911",59,8,"1,489","1,676","2,877","10,242","7,830",351,"79,896","4,215","5,342","8,293","10,614","680,404","198,849","343,028","560,331","448,394","523,114","714,941","882,209","1,341,993","1,424,570","3,173,575","21,726","61,625","45,123","71,237","80,234","108,777","99,613","170,075","167,056","212,018","10,648,487","1,899","331,818,884",297,"729,096","1,113,643",0,"342,085,020","342,765,424",,,,,,,,,,,,,,,,,,,,,,,,,,,,,,,,,,,,,,,,,,,,,,,,,,,
"آموزش زير ديپلم (پيش دبستان، ابتدايي و متوسطه) خصوصي",81,"43,722","5,245",843,"5,657","15,874",26,"1,882",97,782,13,"3,925","1,140",136,9,253,241,164,91,28,886,"1,201",322,"1,579",72,"1,731",133,"1,661",413,"2,068",797,863,104,"3,512",44,255,403,"1,295",180,371,35,113,"2,546","13,744","3,487",608,"40,562","59,461","11,548","287,307",59,"2,248","38,531","4,284","1,750","1,679","18,221",443,"17,119",44,83,"1,346","19,265","12,576","11,696","2,024","3,149",65,92,24,223,"4,406","17,476",173,"1,055","68,340","221,353","2,109","13,655","8,140","1,696","62,747","18,493","35,083","2,434","24,355","3,221","23,888","2,536","120,632","1,284,148","331,880","514,679","846,943","764,384","1,549,892","1,719,352","3,063,901","3,610,808","6,999,330","17,795,553","15,536","27,377","36,710","46,103","54,986","64,827","100,391","115,187","203,140","472,584","38,333,563","1,755",22,824,"76,444","131,707",0,"38,280,902","39,565,050",,,,,,,,,,,,,,,,,,,,,,,,,,,,,,,,,,,,,,,,,,,,,,,,,,,
آموزش عالي دولتي,82,"42,109","2,928",772,"1,452","53,272",77,"8,992","3,000","1,123",138,"2,062","2,286",422,782,447,472,316,60,112,370,"1,042",441,"3,403",144,"19,492","2,093","1,612",270,"8,249","3,869",593,274,"4,594",421,"2,739","3,184","9,021","1,432",484,331,746,"24,781","21,215","8,464","2,212","24,016","14,973","2,527","38,743",125,764,"6,923","15,529","3,078","2,935","31,245",162,"5,325",148,778,"9,531","16,718","2,248","31,167","2,616","9,392",297,422,111,14,"589,344","5,067",224,256,"2,482","1,169,367","4,504","254,013","8,314","49,610","24,896","1,198,108","8,462","19,352","671,375","3,290","7,314","15,969","19,787","4,513,814","103,118","228,464","377,549","469,570","746,407","867,041","1,012,622","1,280,423","1,404,370","3,341,371","12,903","40,886","32,223","78,591","128,010","229,103","213,625","228,845","379,222","540,763","11,715,106","1,073","114,616,573","18,803,601","1,216,493","736,262",0,"145,616,583","150,130,397",,,,,,,,,,,,,,,,,,,,,,,,,,,,,,,,,,,,,,,,,,,,,,,,,,,
آموزش عالي خصوصي,83,"207,259","37,288","1,478","7,956","155,065",349,"21,855","6,395","6,154",946,"10,535","10,706","3,665","2,392","2,134","1,899","10,117",568,741,"3,285","4,020","3,115","13,842","6,579","58,715","7,934","9,910","1,606","18,638","10,306","6,802","1,476","23,353","1,538","7,178","10,775","25,837","5,180","9,065","1,720","2,903","78,058","111,385","27,155","5,668","417,292","114,067","115,814","1,307,607","14,042","19,154","45,653","50,592","11,769","10,576","73,058","2,111","34,244","10,861","4,113","99,380","131,809","62,381","175,938","13,566","25,415",917,"1,304",343,"32,530","44,445","102,348","1,560","12,888","53,047","2,863,123","21,911","12,245","23,199","76,978","47,678","133,813","49,766","39,419","133,973","21,908","34,412","46,747","150,246","7,587,784","429,214","913,093","1,567,776","2,455,842","3,372,541","4,127,794","6,169,512","10,188,112","16,827,068","24,578,693","20,237","16,918","37,406","80,940","144,720","240,473","321,121","399,643","684,322","1,368,173","73,943,599","3,125","227,765","509,362","1,326,058","7,757,895",0,"68,252,015","75,839,799",,,,,,,,,,,,,,,,,,,,,,,,,,,,,,,,,,,,,,,,,,,,,,,,,,,
ساير آموزش ها,84,"163,744","16,216","9,874","6,638","163,619","1,184","159,525","88,493","22,742","3,714","23,384","54,816","6,457","14,445","9,609","5,356","8,438","1,463","2,931","8,952","6,595","6,829","59,828","2,323","485,816","46,803","29,547","6,883","238,277","101,274","16,412","3,959","83,579","5,970","70,855","47,030","136,453","24,327","9,459","3,942","7,697","458,912","149,216","64,594","21,071","12,942","7,202","10,173","873,086","4,601","4,365","28,381","81,007","19,594","45,933","151,940","2,824","53,775",799,"7,028","16,855","103,375","22,196","816,570","58,419","178,634","1,462","2,078",547,73,"175,244","61,253","3,862",27,"49,656","2,417,113","126,897","210,913","192,496","1,407,914","712,189","114,243","84,571","590,014","123,989","29,662","77,950","360,022","442,006","12,543,132","115,200","284,507","358,112","714,411","1,035,299","1,349,508","1,776,812","3,675,258","6,503,530","11,403,339","1,568","3,519","5,079","6,039","11,986","20,957","31,647","61,695","85,034","130,757","27,574,258","7,119","288,012","18,689","181,263","185,759",0,"27,883,582","40,426,714",,,,,,,,,,,,,,,,,,,,,,,,,,,,,,,,,,,,,,,,,,,,,,,,,,,
بهداشت عمومي,85,"36,326","24,704",373,"2,959","509,730","2,095","92,171","7,133","10,301","3,298","13,241","13,489","5,404",220,"5,641","1,762","4,469",812,720,"2,989","3,566","1,940","119,777","4,573","998,503","8,530","14,740","13,529","26,706","320,909","703,011","5,387","69,494","8,578","62,251","156,063","85,736","13,194","4,024","3,575","2,894","11,225","13,985","5,988",703,"93,774","65,819","30,966","347,771","3,151","27,851","23,782","15,222","277,927","2,174","10,462",899,"20,490","3,488","2,140","37,131","20,385","8,979","3,358,692","2,420","63,680",353,501,"26,190","8,889","310,111","25,805",425,"3,349","37,025","592,784","345,894","136,550","4,049","16,629","8,810","761,566","27,093","45,233","1,551,752","13,645,050","1,559,741","13,059","31,420","26,966,198","2,805,595","5,030,387","6,115,562","7,190,359","9,049,665","12,671,119","15,418,562","20,301,165","30,557,609","60,498,162","293,926","535,571","649,493","885,527","1,294,288","1,496,820","2,069,650","2,428,829","3,593,818","7,994,926","190,881,034","22,168,210","120,318,311","10,498,707","409,368","3,579,899",0,"340,695,731","367,661,929",,,,,,,,,,,,,,,,,,,,,,,,,,,,,,,,,,,,,,,,,,,,,,,,,,,
بهداشت خصوصي,86,"162,714","51,607",271,"5,859","430,656","1,882","92,170","6,639","20,549","8,029","23,182","24,725","6,264",297,"8,331","4,196","5,711","1,701","1,522","6,835","6,326","3,996","110,135","8,535","879,233","11,546","26,463","13,576","34,162","294,633","596,787","5,483","74,462","8,237","59,811","136,661","105,339","15,631","5,953","4,049","4,499","41,726","26,625","21,715","6,779","110,295","54,230","23,757","273,100","2,427","24,162","39,291","95,199","233,874","4,131","4,711",708,"19,294","3,013","1,859","32,180","24,352","4,542","2,827,246","1,655","53,722","2,027","2,881","3,441","6,349","5,182","17,792",278,"2,381","23,056","50,979","293,637","12,773","7,884","7,918","3,662","120,834","22,050","35,042","1,026,388","11,480,047","1,315,206","7,296","20,419","21,666,773","2,372,216","4,251,731","5,165,442","6,069,965","7,634,553","10,685,885","12,995,993","17,105,151","25,724,468","50,851,898","250,263","455,911","551,568","751,307","1,096,216","1,267,792","1,750,880","2,055,099","3,037,859","6,746,761","160,820,958","18,647,599","101,209,943","146,640","370,222","2,861,715",0,"278,333,648","300,000,421",,,,,,,,,,,,,,,,,,,,,,,,,,,,,,,,,,,,,,,,,,,,,,,,,,,
مددکاري اجتماعي,87,"86,101","39,749",389,"11,082","143,977",604,"33,373","4,154","16,073","7,078","16,563","21,106","6,290","6,976","5,467","3,204","13,494","1,378","1,172","6,907","6,604","3,915","39,342","7,659","311,044","8,264","66,084","6,661","32,940","130,431","179,882","15,212","48,843","3,689","29,167","51,709","66,999","7,479","4,979","45,401","2,472","42,190","237,854","30,480","11,190","151,831","61,441","10,425","141,410","4,687","48,246","40,310","66,371","68,573","21,530","18,131",673,"44,024","1,555","1,371","16,580","21,889","8,617","836,324","9,385","19,426","1,507","2,143","5,229",892,"46,837","11,827",290,"1,197","7,136","179,604","92,288","14,882","14,638","132,961","37,639","176,922","41,169","32,589","301,543","3,224,695","406,157","9,391","28,224","8,178,189","678,918","1,220,376","1,483,652","1,753,621","2,203,436","3,075,383","3,755,632","4,970,454","7,493,241","14,768,968","71,610","131,624","158,810","216,843","315,178","364,498","503,687","593,704","877,300","1,943,481","46,580,417","5,229,172","29,052,845","183,611","725,128","1,619,985","195,127","80,346,316","88,524,505",,,,,,,,,,,,,,,,,,,,,,,,,,,,,,,,,,,,,,,,,,,,,,,,,,,
"فعاليت های سرگرمی، فرهنگی، تفريحی و ورزشی ",88,"302,331","25,193",782,"4,943","215,573","1,912","40,600","46,318","15,303","3,513","24,487","40,149","36,035","106,139","4,899","3,931","3,389","2,231",926,"7,498","5,068","3,849","16,458","42,437","561,911","8,896","19,870","3,272","98,505","92,411","94,780","10,860","127,216","5,219","48,615","78,069","81,636","8,061","2,859","4,509","3,648","207,435","3,649,499","210,100","5,622","120,923","100,773","14,869","163,852","37,146","51,208","330,866","24,858","26,088","36,893","19,082","3,446","121,203","2,570","3,518","18,805","442,218","80,166","167,209","111,925","2,899",550,782,"20,457","3,999","657,235","13,240",246,"1,550","55,997","1,556,849","61,789","52,033","95,946","1,574,766","347,158","2,156,476","513,817","192,942","53,156","6,652","462,994","5,708","15,812","16,007,628","101,585","166,551","197,114","289,462","320,084","376,928","659,294","877,742","1,450,328","2,732,923","14,273","19,517","17,749","35,573","47,857","48,662","80,458","115,231","181,624","372,581","8,105,537",486,"11,253,870","476,595","7,125,525","5,789,518","14,376","21,186,870","37,194,498",,,,,,,,,,,,,,,,,,,,,,,,,,,,,,,,,,,,,,,,,,,,,,,,,,,
ساير فعاليت های خدماتی و شخصی خانگی,89,"5,815,035","458,197","5,694","108,861","710,613","5,917","707,551","70,708","91,845","26,271","89,117","141,024","20,288","2,438","32,907","73,167","28,351","6,565","7,713","40,679","22,520","63,832","354,045","69,823","1,429,008","203,282","135,442","27,534","221,710","230,112","956,562","27,503","271,352","43,783","158,094","137,964","511,446","177,594","77,439","25,931","79,463","1,874,505","717,871","811,177","273,176","2,527,774","583,354","419,753","2,603,055","92,580","168,167","902,651","2,923,565","67,375","104,397","207,521","2,741","334,114","30,572","29,448","29,571","1,248,654","316,376","2,101,343","94,152","186,622","56,881","80,846","49,811","74,839","158,688","353,714","3,382","29,500","123,570","5,227,898","2,228,442","146,947","352,653","334,314","375,614","736,922","133,238","56,237","243,934","77,777","313,099","49,135","2,924,930","46,450,268","1,896,541","3,337,787","3,481,747","3,976,382","4,244,406","5,183,838","5,767,829","7,210,867","8,874,798","20,027,507","401,533","680,828","738,552","799,777","970,274","1,199,007","1,240,170","1,417,442","1,578,939","2,271,004","75,299,226","152,185","122,938","1,672,848","3,712,819","5,616,802","56,755","75,399,969","121,850,237",,,,,,,,,,,,,,,,,,,,,,,,,,,,,,,,,,,,,,,,,,,,,,,,,,,
جمع مصارف به قيمت هاي پايه,,"431,344,222","384,168,339","941,279","42,086,777","116,984,625","772,065","37,579,378","9,066,964","169,089,192","74,047,357","182,708,365","263,919,386","28,044,374","2,578,951","52,898,284","23,754,259","32,630,777","13,639,560","12,379,824","60,765,322","51,798,249","22,135,252","209,232,639","71,982,589","563,528,892","65,327,322","208,393,949","30,792,493","163,626,586","388,576,081","90,397,709","10,597,271","216,640,634","16,025,651","115,621,817","86,905,167","490,320,364","28,165,816","43,085,258","16,711,048","9,948,290","96,084,897","69,996,499","29,526,643","8,751,312","905,280,899","500,090,731","38,774,263","425,945,329","4,772,010","24,998,548","90,888,325","339,853,759","4,914,459","35,343,363","28,363,237","1,349,560","32,397,446","5,250,489","6,317,271","103,730,121","87,718,571","16,691,493","189,884,193","29,752,528","19,004,449","32,369,365","32,369,413","74,470,897","12,458,395","12,703,358","34,048,578","675,293","3,195,128","50,313,429","245,273,303","48,714,213","123,081,472","13,351,978","41,800,410","16,623,242","50,995,333","18,822,581","12,506,718","99,117,989","77,670,366","23,985,507","12,554,799","53,988,795","9,025,983,337","188,679,228","291,137,798","322,609,318","371,350,820","430,756,550","486,301,975","575,543,650","708,924,213","940,539,440","1,715,665,163","24,894,344","42,717,185","42,134,342","51,009,551","60,098,864","69,288,291","80,296,326","93,218,933","115,702,229","187,530,296","6,798,398,516","48,836,466","2,274,239,500","3,399,245,109","3,008,847,288","2,662,555,698","1,369,128,246","14,236,139,427","23,262,122,764",,,,,,,,,,,,,,,,,,,,,,,,,,,,,,,,,,,,,,,,,,,,,,,,,,,
خالص ماليات بر محصول,,"-3,923,823","6,712,358","8,126","842,559","1,478,759","5,504","25,842","94,475","3,115,291","5,245,704","1,902,149","-68,816,252","681,604","45,224","1,240,869","846,199","1,194,630","225,689","190,354","1,085,050","1,326,811","599,969","1,773,650","2,193,064","15,792,086","1,524,747","3,906,006","405,243","1,326,653","4,957,652","424,363","113,590","4,564,125","817,508","2,394,445","2,310,145","20,663,655","1,600,371","919,271","250,955","317,261","-15,318,782","452,122","23,176","53,988","12,749,675","7,792,981","299,002","1,731,577","73,436","212,134","2,664,787","10,326,029","2,067","793,301","686,591","-32,488","127,809","28,772","83,581","1,945,109","572,585","118,375","1,088,022","190,301","144,889","243,569","267,946","663,449","9,614","99,120","57,433","4,113","10,512","386,910","1,633,588","501,007","1,459,272","111,025","-4,124,443","173,696","652,316","257,379","139,451","-797,832","1,027,084","273,882","30,214","447,008","50,717,228","3,765,338","6,833,963","7,789,345","8,984,254","10,953,236","13,700,902","15,826,886","21,549,177","29,779,170","77,576,370","590,450","1,405,750","1,467,671","1,820,239","2,184,656","2,612,606","3,022,537","3,643,849","4,793,116","9,384,066","227,683,583",416,"-416,424","163,098,963","18,977,850",0,0,"409,344,388","460,061,616",,,,,,,,,,,,,,,,,,,,,,,,,,,,,,,,,,,,,,,,,,,,,,,,,,,
جمع مصارف به قیمت های خریداران, ,"427,420,400","390,880,696","949,405","42,929,336","118,463,384","777,568","37,605,220","9,161,439","172,204,483","79,293,061","184,610,515","195,103,135","28,725,978","2,624,176","54,139,153","24,600,458","33,825,407","13,865,249","12,570,178","61,850,372","53,125,060","22,735,221","211,006,289","74,175,653","579,320,978","66,852,070","212,299,955","31,197,736","164,953,239","393,533,732","90,822,072","10,710,861","221,204,759","16,843,159","118,016,262","89,215,312","510,984,019","29,766,187","44,004,529","16,962,003","10,265,551","80,766,115","70,448,621","29,549,819","8,805,300","918,030,574","507,883,712","39,073,265","427,676,906","4,845,445","25,210,682","93,553,112","350,179,788","4,916,526","36,136,664","29,049,828","1,317,072","32,525,255","5,279,261","6,400,851","105,675,230","88,291,156","16,809,867","190,972,214","29,942,828","19,149,338","32,612,934","32,637,359","75,134,346","12,468,009","12,802,479","34,106,011","679,406","3,205,640","50,700,339","246,906,892","49,215,219","124,540,744","13,463,003","37,675,967","16,796,938","51,647,649","19,079,959","12,646,169","98,320,157","78,697,449","24,259,388","12,585,014","54,435,803","9,076,700,564","192,444,566","297,971,762","330,398,663","380,335,075","441,709,786","500,002,877","591,370,536","730,473,390","970,318,610","1,793,241,534","25,484,795","44,122,934","43,602,013","52,829,791","62,283,520","71,900,897","83,318,863","96,862,782","120,495,345","196,914,362","7,026,082,099","48,836,883","2,273,823,076","3,562,344,071","3,027,825,138","2,662,555,698","1,369,128,246","14,645,483,815","23,722,184,379",,,,,,,,,,,,,,,,,,,,,,,,,,,,,,,,,,,,,,,,,,,,,,,,,,,
        جبران خدمات كاركنان, ,"62,796,535","65,191,557","2,764,588","25,591,236","67,408,567","1,428,949","7,575,115","5,936,616","20,402,044","8,416,380","32,377,632","42,226,281","3,832,086","1,280,522","17,650,604","6,747,039","29,824,681","5,881,754","9,629,901","23,507,676","9,017,103","11,793,179","17,682,376","4,388,155","57,177,064","13,612,355","21,136,476","7,928,487","66,835,232","48,551,515","14,360,516","4,877,827","69,797,387","2,991,045","21,306,057","25,745,884","71,365,971","17,353,102","24,427,401","9,081,746","7,957,402","35,417,800","25,430,190","21,702,328","6,798,463","255,155,421","198,131,000","22,337,030","234,004,003","1,017,338","12,109,459","40,807,780","36,428,167","5,735,650","11,653,212","16,640,334","2,504,940","24,653,247","9,272,886","6,774,327","28,243,023","29,196,475","22,224,524","257,832,774","14,147,597","1,844,095",0,0,0,"3,434,270","31,126,670","36,893,222","512,713","1,258,014","12,632,639","556,593,030","89,626,540","267,451,284","80,940,360","266,890,514","17,986,809","64,145,702","41,434,683","18,057,354","224,055,058","52,808,812","49,594,442","15,323,139","18,465,392","4,137,148,750",,,,,,,,,,,,,,,,,,,,,,,,,,,,,,,,,,,,,,,,,,,,,,,,,,,,,,,,,,,,,,,,,,,,,,,,,,,,,,,,
        خالص سایر ماليات بر توليد, ,"407,570","149,688","2,510","30,996","456,133","1,825","29,786","8,714","90,226","22,294","113,731","130,710","11,994","3,967","47,000","24,002","63,428","15,551","20,599","80,916","29,601","22,808","422,110","10,302","386,481","61,060","61,834","37,589","183,014","171,448","77,915","6,801","173,032","15,851","60,519","62,920","219,115","33,048","50,548","22,448","16,896","41,320","79,782","5,366","6,441","197,228","104,650","24,555","312,233",459,"6,696","60,489","200,963","2,486","10,916","13,938","1,595","37,835","4,325","7,139","28,951","50,042","8,174","100,367","6,109","9,533","135,187,045","42,898,733","16,270,300","1,777,026","9,022","30,147",484,"2,115","3,322","175,842","27,991","88,143","25,252","97,873","7,304","31,593","18,209","8,912","69,574","57,165","16,600","10,612","29,069","202,000,907",,,,,,,,,,,,,,,,,,,,,,,,,,,,,,,,,,,,,,,,,,,,,,,,,,,,,,,,,,,,,,,,,,,,,,,,,,,,,,,,
        مازاد عملياتی و درآمد مختلط ؛ خالص, ,"778,613,443","243,833,268","2,417,914","38,397,625","1,422,764,628","2,515,606","56,797,428","12,896,500","43,590,151","7,395,578","48,285,370","50,479,319","4,674,720","1,533,384","15,683,802","10,276,491","15,161,072","5,147,960","4,980,112","33,881,784","11,977,573","4,382,910","281,696,591","2,918,449","216,932,112","29,694,283","22,718,905","18,731,031","62,966,539","73,047,161","40,899,898","-54,053","52,924,474","8,251,163","21,616,808","18,879,687","84,039,806","6,085,969","11,423,285","6,839,404","4,026,027","59,069,466","157,010,274","-4,558,151","13,777,152","78,899,400","-20,880,023","92,022,768","1,220,138,091","158,178","5,044,030","114,154,860","478,407,769","632,723","16,310,943","19,066,234","1,580,320","72,275,411","3,808,637","13,433,643","53,708,552","102,441,639","-722,891","4,562,000","1,393,207","24,635,006","684,571,834","217,234,310","82,390,953","5,564,390","-2,751,488","86,926,825","1,476,082","7,427,219","15,592,823",0,0,0,0,0,"3,547,439",0,"12,249,189","8,217,689",0,"156,514,988","6,628,331","7,949,974","45,288,230","7,624,522,203",,,,,,,,,,,,,,,,,,,,,,,,,,,,,,,,,,,,,,,,,,,,,,,,,,,,,,,,,,,,,,,,,,,,,,,,,,,,,,,,
        مصرف سرمايه های ثابت, ,"54,618,497","20,059,747","336,412","4,153,713","115,329,077","1,570,874","25,635,630","7,500,073","11,181,607","2,762,885","14,094,563","16,198,813","1,486,428","491,685","5,824,652","2,974,588","7,860,537","1,927,265","2,552,865","10,027,886","3,668,482","2,826,512","52,311,661","1,276,711","47,896,172","7,567,139","7,663,023","4,658,322","22,680,773","21,247,414","9,655,869","842,877","21,443,672","1,964,395","7,500,081","7,797,601","27,154,661","4,095,601","6,264,331","2,781,965","2,093,912","19,745,257","38,125,073","3,582,220","4,299,207","21,073,604","11,181,748","6,512,966","82,815,618","291,445","4,252,849","38,419,748","127,642,810","1,578,905","6,933,128","8,852,697","1,012,855","24,031,435","745,099","1,151,034","4,667,914","44,829,547","7,322,412","18,952,981","1,583,704","243,815","560,167,175","177,757,138","67,418,355","7,363,367","10,789,831","7,051,944","113,268","494,652","1,607,327","100,517,789","14,973,730","61,935,512","13,423,385","38,101,070","1,226,561","34,305,453","3,057,759","1,496,590","45,217,140","11,922,007","8,025,744","1,325,759","3,631,742","2,221,750,338",,,,,,,,,,,,,,,,,,,,,,,,,,,,,,,,,,,,,,,,,,,,,,,,,,,,,,,,,,,,,,,,,,,,,,,,,,,,,,,,
جمع ارزش افزوده ناخالص,,"896,436,044","329,234,260","5,521,425","68,173,569","1,605,958,404","5,517,254","90,037,959","26,341,903","75,264,028","18,597,138","94,871,296","109,035,123","10,005,227","3,309,559","39,206,058","20,022,121","52,909,718","12,972,531","17,183,478","67,498,263","24,692,760","19,025,409","352,112,739","8,593,617","322,391,828","50,934,837","51,580,238","31,355,429","152,665,558","143,017,538","64,994,197","5,673,452","144,338,565","13,222,455","50,483,466","52,486,092","182,779,553","27,567,720","42,165,565","18,725,562","14,094,237","114,273,842","220,645,319","20,731,763","24,881,263","355,325,654","188,537,375","120,897,319","1,537,269,946","1,467,420","21,413,033","193,442,876","642,679,709","7,949,763","34,908,198","44,573,203","5,099,710","120,997,928","13,830,947","21,366,143","86,648,439","176,517,703","28,832,218","281,448,121","17,130,616","26,732,449","1,379,926,054","437,890,182","166,079,609","18,139,054","39,174,035","130,902,137","2,102,547","9,181,999","29,836,111","657,286,660","104,628,261","329,474,940","94,388,997","305,089,457","22,768,112","98,482,749","56,759,840","27,780,545","269,341,772","221,302,971","64,265,117","24,609,485","67,414,434","14,185,422,199",,,,,,,,,,,,,,,,,,,,,,,,,,,,,,,,,,,,,,,,,,,,,,,,,,,,,,,,,,,,,,,,,,,,,,,,,,,,,,,,
جمع ستانده به قیمتهای پایه, ,"1,323,856,444","720,114,957","6,470,829","111,102,905","1,724,421,788","6,294,822","127,643,179","35,503,342","247,468,512","97,890,199","279,481,811","304,138,257","38,731,205","5,933,734","93,345,211","44,622,580","86,735,124","26,837,780","29,753,655","129,348,635","77,817,820","41,760,630","563,119,028","82,769,270","901,712,806","117,786,907","263,880,193","62,553,165","317,618,797","536,551,270","155,816,270","16,384,313","365,543,324","30,065,614","168,499,728","141,701,404","693,763,572","57,333,907","86,170,094","35,687,565","24,359,788","195,039,957","291,093,940","50,281,582","33,686,563","1,273,356,228","696,421,088","159,970,584","1,964,946,852","6,312,866","46,623,715","286,995,988","992,859,496","12,866,289","71,044,862","73,623,031","6,416,781","153,523,183","19,110,208","27,766,994","192,323,669","264,808,859","45,642,086","472,420,335","47,073,445","45,881,787","1,412,538,988","470,527,541","241,213,955","30,607,063","51,976,514","165,008,148","2,781,953","12,387,639","80,536,450","904,193,551","153,843,481","454,015,684","107,852,000","342,765,424","39,565,050","150,130,397","75,839,799","40,426,714","367,661,929","300,000,421","88,524,505","37,194,498","121,850,237","23,262,122,764",,,,,,,,,,,,,,,,,,,,,,,,,,,,,,,,,,,,,,,,,,,,,,,,,,,,,,,,,,,,,,,,,,,,,,,,,,,,,,,,
,,,,,,,,,,,,,,,,,,,,,,,,,,,,,,,,,,,,,,,,,,,,,,,,,,,,,,,,,,,,,,,,,,,,,,,,,,,,,,,,,,,,,,,,,,,,,,,,,,,,,,,,,,,,,,,,,,,,,,,,,,,,,,,,,,,,,,,,,,,,,,,,,,,,,,,,,,,,,,,,,,,,,,,,,,,
,,,,,,,,,,,,,,,,,,,,,,,,,,,,,,,,,,,,,,,,,,,,,,,,,,,,,,,,,,,,,,,,,,,,,,,,,,,,,,,,,,,,,,,,,,,,,,,,,,,,,,,,,,,,,,,,,,,,,,,,,,,,,,,,,,,,,,,,,,,,,,,,,,,,,,,,,,,,,,,,,,,,,,,,,,,
